Titles,Companies,Currencies,Salaries,Closing Dates
初中數理導師(6天) (鑽石山),Bright Union International Limited,HKD ($),20K per month,2024-09-06
見習助理統籌主任(6日) (屯門盈豐),Bright Union International Limited,HKD ($),20K per month,2024-09-06
見習助理統籌主任(6日) (屯門友愛),Bright Union International Limited,HKD ($),20K per month,2024-09-06
見習助理統籌主任(6日) (屯門市中心 ),Bright Union International Limited,HKD ($),20K per month,2024-09-06
見習统籌主任(6天) (鑽石山),Bright Union International Limited,HKD ($),22K per month,2024-09-06
Xiaomi 2025 Future Star Program,Xiaomi Corporation,CNY (¥),40K - 100K per month,2024-09-20
Site Logistics Technician,Trinseo (Hong Kong) Limited,HKD ($),19K - 22K per month,2024-09-20
Process Technician,Trinseo (Hong Kong) Limited,HKD ($),19K - 22K per month,2024-09-20
初中導師(6天)(屯門盈豐),Bright Union International Limited,HKD ($),18.5K per month,2024-09-06
中小學導師(6天) (鑽石山),Bright Union International Limited,HKD ($),20K per month,2024-09-04
2024/25財富管理實習生,Roy Financial Consulting,HKD ($),15K - 50K per month,2024-09-20
Junior Designer,DIA (ASIA PACIFIC) COMPANY LIMITED,HKD ($),14K - 16.5K per month,2024-09-14
Assistant Software Engineer / Software Engineer,IT Channel (Asia) Limited,HKD ($),17K - 20K per month,2024-09-20
Business Development Executive,IT Channel (Asia) Limited,HKD ($),17K - 20K per month,2024-09-20
PMO (Project Management Office) Trainee - Enterprise CRM / ERP / HCM,Global Sharp International Limited,HKD ($),25K - 27K per month,2024-09-05
Assistant to Chairman,Sheraton Valuers Limited,HKD ($),20K - 30K per month,2024-09-19
Family Financial Planning Consultant,The HAIDER Family Office Limited,HKD ($),20K - 30K per month,2024-09-19
Audit assistant,Stella W.M. Kwok & Co,HKD ($),18K per month,2024-09-18
E-Commerce Officer,Hong Kong Technology Venture Company Limited,HKD ($),17K - 22K per month,2024-09-19
Assistant,Alles Compliance Consulting Limited,HKD ($),16K - 19K per month,2024-09-14
Family Financial Planning Consultant,The HAIDER Family Office Limited,HKD ($),20K - 30K per month,2024-09-19
Graduate Trainee (Audit),S. C. To & Co.,HKD ($),16K - 20K per month,2024-09-19
Accounts & Administrative Assistant,TUVE Limited,HKD ($),15K - 16K per month,2024-08-27
Assistant Editor (Geography),Ling Kee Publishing Co Ltd,HKD ($),18K - 19K per month,2024-09-19
HNW Wealth Management Manager,Roy Financial Consulting,HKD ($),15K - 50K per month,2024-09-19
Investment Analyst (Crypto),Spartan Capital (HK) Limited,HKD ($),Negotiable,2024-09-19
2024/25Wealth Management Internship,Roy Financial Consulting,HKD ($),15K - 50K per month,2024-09-19
Accenture Song - Digital Marketing PMO Analyst,Accenture Company Limited,HKD ($),Negotiable,2024-09-19
"(Campus recruiting-1 year contract)Officer, Investment Customer Services(type 1)",ZhongAn Technologies International Group Limited,HKD ($),18K - 22K per month,2024-09-19
Recruitment Consultant,Recruit Express (Hong Kong) Limited,HKD ($),17K - 20K per month,2024-09-08
Associate Officer – Finance & Accounting,HKR International Limited,HKD ($),Negotiable,2024-09-19
Quality Controller Assistant,Tung Chun Management Services Co. Limited,HKD ($),16K - 18K per month,2024-09-19
Analyst Programmer Trainee,Togo Pacific Limited,HKD ($),Negotiable,2024-09-15
Sales Assistant,Convergint (Hong Kong) Limited,HKD ($),15K - 18K per month,2024-08-31
Project Assistant in Department of Curriculum and Instruction (Ref: 2400936),The Education University of Hong Kong,HKD ($),21.4K per month,2024-08-28
Assistant Executive/ Executive Order Management Apparel & Accessories,World Cat Limited,HKD ($),Negotiable,2024-09-17
數學及英文導師 Math and English Tutor/Teacher (大角咀/奧運站),BRAINKEY EDUCATION LIMITED,HKD ($),17K - 25K per month,2024-09-05
Library Assistant II in Library (Access Services Section) (Ref: 2400924),The Education University of Hong Kong,HKD ($),21.4K per month,2024-09-03
"Teaching Assistant (Citizenship, Economics and Society / Citizenship and Social Development)",Good Hope School,HKD ($),17K - 17.5K per month,2024-09-04
Sales Associate/Senior Sales Associate,E-FRAN HK LIMITED,HKD ($),Negotiable,2024-09-19
Research Scientist / Research Assistant,WSC Holding Limited,HKD ($),18K - 23K per month,2024-09-16
Application Engineer (Equipment),Teltec Semiconductor Pacific Ltd,HKD ($),15K - 30K per month,2024-09-19
Service Engineer (Equipment),Teltec Semiconductor Pacific Ltd,HKD ($),15K - 30K per month,2024-09-19
Accounts Clerk,K. Wah Construction Materials (Hong Kong) Limited,HKD ($),Negotiable,2024-09-15
Merchandiser / Assistant Merchandiser (Garment),Excellent Jade Limited,HKD ($),16K - 21K per month,2024-08-31
Assistant Quantity Surveyor,K. Wah Construction Materials (Hong Kong) Limited,HKD ($),Negotiable,2024-09-19
Administration Assistant,K. Wah Construction Materials (Hong Kong) Limited,HKD ($),Negotiable,2024-09-15
行政助理 (AA) (合約) (編號 :EOL/88024),St. James' Settlement,HKD ($),Negotiable,2024-08-30
Audit Senior,"WWC Professional Corporation Limited, CPAs (Practising)",HKD ($),24K - 40K per month,2024-09-16
Analyst Programmer,Vanke Holdings (Hong Kong) Company Limited,HKD ($),25K - 30K per month,2024-09-12
Officer (Treasury & Accounting Operations),Vanke Holdings (Hong Kong) Company Limited,HKD ($),25K - 30K per month,2024-09-14
Project Administration Executive,FDS Solutions Limited,HKD ($),20K - 22K per month,2024-09-15
"小學導師 (5.5天) (屯門盈豐)/Primary school tutor (5.5 Days) (GoodRich, Tuen Mun)",Bright Union International Limited,HKD ($),17K per month,2024-09-03
"小學導師 (5.5天) (天水圍銀座)/Primary school tutor (5.5 Days) (Ginza ,Tin Shui Wai)",Bright Union International Limited,HKD ($),17K per month,2024-09-03
小學導師 (5.5天) (屯門市中心),Bright Union International Limited,HKD ($),17K per month,2024-09-03
公民與社會發展科導師 (5天) /CSD Tutor(5 days),Bright Union International Limited,HKD ($),22K per month,2024-09-04
高中經濟及BAFS企會財導師 (5天)/DSE BAFS & Economics Tutor (5 days),Bright Union International Limited,HKD ($),22K - 23K per month,2024-09-04
初中英文導師(6天) (粉嶺),Bright Union International Limited,HKD ($),20K - 22K per month,2024-09-04
小學導師 (6日) (粉嶺)/Primary School Tutor (6DAYS) (Fanling),Bright Union International Limited,HKD ($),21K per month,2024-09-03
"小學導師 (5.5日)( 大埔太和)/Primary School Tutor (5.5DAYS)( Tai Wo, Tai Po)",Bright Union International Limited,HKD ($),15K - 17K per month,2024-09-03
【#IBtutor】IB Math/Physics Tutor Recuritment - HIGH PAY,HKExcel Education Limited,HKD ($),20K - 30K per month,2024-08-31
【#IBtutor】IB Bio/Chem Tutor Recuritment - HIGH PAY,HKExcel Education Limited,HKD ($),20K - 30K per month,2024-08-31
Technician (系統維修技術員) Part-time,Ground Transportation Systems (Hong Kong) Limited,HKD ($),14K - 20K per month,2024-09-17
Investment Consultancy Trainee,The HAIDER Family Office Limited,HKD ($),18K - 25K per month,2024-09-18
"小學導師 (5.5天) (天水圍天澤)/Primary school tutor (5.5 Days) (Tin Chak, Tin Shui Wai)",Bright Union International Limited,HKD ($),17K per month,2024-09-03
Logistics Coordinator (Air Export - Gateway),Expeditors Hong Kong Limited,HKD ($),15K - 20K per month,2024-08-31
ADMINISTRATIVE OFFICER,Premiere Logistics (HK) Limited,HKD ($),14K - 20K per month,2024-08-31
Senior Research Assistant / Research Assistant I / II in Research and Development Office (Knowledge Transfer Sub-Office) (4 posts) (Ref: 2400871),The Education University of Hong Kong,HKD ($),29.1K per month,2024-09-03
Content Marketer,Mindful Wing Chun Limited,HKD ($),18K - 22K per month,2024-09-08
AIA Graduate Program for fresh graduates/IANG/TTPS/QMAS,MVP Professional Financial Consultancy Company,HKD ($),35K - 50K per month,2024-09-17
Administration Assistant,Montagut Far East Limited,HKD ($),16K - 18K per month,2024-09-18
Business Development Intern/Graduate (Part Time),Alpha AI Technology Limited,HKD ($),500 - 650 per day,2024-09-10
Senior Research Assistant in Department of Curriculum and Instruction (Ref: 2400925),The Education University of Hong Kong,HKD ($),29.1K per month,2024-09-03
Teaching Assistant (Science KLA),Good Hope School,HKD ($),17K - 17.5K per month,2024-09-03
Management Trainee (Full time),Premiere Logistics (HK) Limited,HKD ($),13K - 18K per month,2024-08-31
Development Engineer,"AN LIAO CONSULTING CO., LIMITED",HKD ($),30K - 50K per month,2024-09-18
Analyst - Sales Support (CDD/KYC) (Entry Level),FundPark limited,HKD ($),18K - 20K per month,2024-08-30
Officer - Credit Policy & Analytics Department,Chong Hing Bank Limited,HKD ($),18K - 20K per month,2024-09-13
Mobile Application Developer,Bright Smart Securities International (HK) Ltd.,HKD ($),Negotiable,2024-08-31
Analyst Programmer,Bright Smart Securities International (HK) Ltd.,HKD ($),Negotiable,2024-08-31
技術員,Carewin Engineering Limited,HKD ($),12K - 15K per month,2024-09-14
Wealth Management Trainee,Nobleson Finance,HKD ($),45K - 60K per month,2024-08-26
劃圖員,Carewin Engineering Limited,HKD ($),15K - 18K per month,2024-09-14
Primary Textbook Editing Translator (Graduate Job),"e-Learning Development Laboratory, The University of Hong Kong",HKD ($),16K - 22K per month,2024-09-18
IT and Science Education Project Officer,"e-Learning Development Laboratory, The University of Hong Kong",HKD ($),16K - 20K per month,2024-09-18
Education Executive Officer (Graduate Job),"e-Learning Development Laboratory, The University of Hong Kong",HKD ($),16K - 20K per month,2024-09-18
"教育平台 (OpenAI, React, Laravel) 編程 Developer","e-Learning Development Laboratory, The University of Hong Kong",HKD ($),16K - 24K per month,2024-09-18
STEM Project Officer for K12 STEM Education,"e-Learning Development Laboratory, The University of Hong Kong",HKD ($),18.5K - 23K per month,2024-09-18
(Part Time / Freelance) Breaking Tutor 兼職 霹靂舞 導師 排舞導師,Life Learn Limited,HKD ($),200 - 350 per hour,2024-09-18
(Part Time / Freelance) Street Dance Tutor 兼職 街舞 排舞導師,Life Learn Limited,HKD ($),200 - 350 per hour,2024-09-18
(Part Time / Freelance) K-Pop Dance Tutor 兼職 K-Pop 排舞導師,Life Learn Limited,HKD ($),200 - 350 per hour,2024-09-18
(Part Time / Freelance) HairDye Tutor 兼職 染髮 導師,Life Learn Limited,HKD ($),200 - 350 per hour,2024-09-18
(Part Time / Freelance) HairStyling Tutor 兼職 髮型 導師,Life Learn Limited,HKD ($),200 - 350 per hour,2024-09-18
Sales & Marketing Assistant,Tung Chun Management Services Co. Limited,HKD ($),16K - 18K per month,2024-09-18
量化开发工程师,上海明汯投资管理有限公司,CNY (¥),35K per month,2024-09-18
量化研究员,上海明汯投资管理有限公司,CNY (¥),35K - 50K per month,2024-09-18
Blockchain Developer,Amber AM Limited,HKD ($),25K - 28K per month,2024-09-14
机器学习开发工程师,上海明汯投资管理有限公司,CNY (¥),35K - 50K per month,2024-09-18
机器学习算法研究员,上海明汯投资管理有限公司,CNY (¥),35K - 50K per month,2024-09-18
"Pre-Sales Engineer, IT Solution",ICO Limited,HKD ($),18K - 20K per month,2024-09-18
Procurement and Supply Chain Officer,Earth Products China Limited,HKD ($),23K - 28K per month,2024-09-17
Associate Systems Analyst,HKR International Limited,HKD ($),Negotiable,2024-09-18
"Analyst, Corporate Finance (6-month renewable contract)",Asian Capital Limited,HKD ($),Negotiable,2024-09-06
AI Digital Human Developer,Digital Human International (A.I.) Company LImited,HKD ($),18K - 20K per month,2024-09-15
全職數學教師（母語廣東話）,Star Ace Education,HKD ($),Negotiable,2024-09-11
Graduate Trainee - System Consultant,Global Sharp International Limited,HKD ($),25K - 27K per month,2024-09-02
Assistant Officer (Fresh graduates are welcome),Chevalier (Corporate Management) Limited,HKD ($),Negotiable,2024-08-26
Engineer,Mitochon Technology Limited,HKD ($),18K - 24K per month,2024-09-10
Management Trainee (Oversea),Bright Future Pharmaceutical Laboratories Limited,HKD ($),12K - 20K per month,2024-09-01
HR & Administration Officer/ Assistant Manager,PROMO X LIMITED,HKD ($),16K - 18K per month,2024-08-26
Accounting Officer,Cornerstone EV Charging Service Limited,HKD ($),18K - 22K per month,2024-09-17
Junior Developer / Programmer (Business Application),Fides Solutions Limited,HKD ($),20K - 23K per month,2024-09-17
Junior Quantitative Analyst(Ref: AQ-152-U),BOCI-Prudential Asset Management Limited,HKD ($),Negotiable,2024-09-17
Business Analyst,Ctech Group Limited,HKD ($),30K - 50K per month,2024-09-17
Operation Officer,Ctech Group Limited,HKD ($),30K - 50K per month,2024-09-17
Management Trainee,Ctech Group Limited,HKD ($),30K - 50K per month,2024-09-17
Junior Trader,Ctech Group Limited,HKD ($),30K - 50K per month,2024-09-17
Quantitative Analyst,Ctech Group Limited,HKD ($),30K - 50K per month,2024-09-17
Business Development Executive,Ctech Group Limited,HKD ($),30K - 50K per month,2024-09-17
Programmer Analyst,Ctech Group Limited,HKD ($),40K - 60K per month,2024-09-17
Junior Programmer (Machine Learning / AI),Ctech Group Limited,HKD ($),40K - 60K per month,2024-09-17
Project Assistant (5-Day Work),Centaline Group Management Limited,HKD ($),18K - 20K per month,2024-09-15
Business Development Executive,HKCOLO Limited,HKD ($),19K - 22K per month,2024-09-17
Assistant (Business Development),Midland Realty (Strategic) Limited,HKD ($),15K - 16K per month,2024-09-17
Business Analyst / Data Analyst,Fides Solutions Limited,HKD ($),18K - 19K per month,2024-09-17
Business Analyst - Graduate Program (Various Opportunities),Fides Solutions Limited,HKD ($),20K - 23K per month,2024-09-17
Engineer,Shinryo (Hong Kong) Limited,HKD ($),Negotiable,2024-09-17
"小學導師 (5.5天) (屯門友愛)/ Primary school tutor (5.5 Days) (Yau Oi, Tuen Mun)",Bright Union International Limited,HKD ($),17K per month,2024-09-03
Field Service Engineer,Vastec Medical Limted,HKD ($),Negotiable,2024-09-17
Program Officer,Acme Pro Limited,HKD ($),Negotiable,2024-09-17
Business Trainee,i-Control Limited,HKD ($),Negotiable,2024-09-13
Assistant Engineer (Electrical),SHUN HING SYSTEMS INTEGRATION COMPANY LIMITED,HKD ($),18K - 20K per month,2024-09-17
Assistant Human Resources Officer,SHUN HING SYSTEMS INTEGRATION COMPANY LIMITED,HKD ($),17K - 19K per month,2024-09-17
Assistant Digital Engineer - Smart Construction,SOCAM Development Limited,HKD ($),Negotiable,2024-08-31
Assistant Engineer (Telecom),SHUN HING SYSTEMS INTEGRATION COMPANY LIMITED,HKD ($),18K - 20K per month,2024-09-17
Assistant Engineer (Mechanical),SHUN HING SYSTEMS INTEGRATION COMPANY LIMITED,HKD ($),18K - 20K per month,2024-09-17
Placement Trainee (Infrastructure Financing and Securitisation),The Hong Kong Mortgage Corporation Limited,HKD ($),Negotiable,2024-09-01
"Full time Chinese tutor(廣東話母語, 年齡18-30)(需要DSE中文5或以上或同等資歷)",Star Ace Education,HKD ($),30K - 80K per month,2024-09-10
Graduate Engineer,APT Engineering Consultant Limited,HKD ($),24K per month,2024-09-14
Assistant Officer (Property Administration),Midland Realty (Strategic) Limited,HKD ($),16K - 18K per month,2024-09-16
Secondary School Social Worker,The Boys' & Girls' Clubs Association of Hong Kong(HQ),HKD ($),Negotiable,2024-08-25
Sales Manager,Wanfang Data Corporation (International) Limited,HKD ($),17K - 19K per month,2024-09-15
BIM Trainee,Takasago Thermal Engineering (Hong Kong) Company Limited,HKD ($),15K - 16K per month,2024-09-15
中小學導師 (6天) (屯門市中心)/Secondary School and Primary School Tutor(6 days) (Tuen Mun Town Centre)),Bright Union International Limited,HKD ($),17K - 18K per month,2024-08-31
Counter Service Officer Trainee / Teller Trainee,Chong Hing Bank Limited,HKD ($),17K per month,2024-09-10
Administrative Assistant,Grace Christian Academy,HKD ($),14K - 18K per month,2024-09-15
"小學導師 (6日) (沙田馬鞍山)/Primary School Tutor (6 DAYS) (Ma On Shan, Shatin)",Bright Union International Limited,HKD ($),17.5K per month,2024-08-31
"小學導師 (6日) (沙田禾輋)/Primary School Tutor (6 DAYS) (Wo Che, Shatin)",Bright Union International Limited,HKD ($),18K per month,2024-08-31
"小學導師(5/6天) (觀塘安達)/ Primary School Tutor (5/6 DAYS) (On Tat Estate, Kwun Tong)",Bright Union International Limited,HKD ($),21K per month,2024-08-31
"中小學導師 (5/6天) (葵涌石蔭)/Secondary School and Primary School Tutor (5/6days) (Shek Yam, Kwai Chung)",Bright Union International Limited,HKD ($),18.5K per month,2024-08-31
中小學導師 (5-6天) (天水圍)/Secondary School and Primary School Tutor (5-6 days) (Tin Shui Wai),Bright Union International Limited,HKD ($),17K - 18K per month,2024-08-31
Assistant Property Officer - Tai Tam,Protech Property Management Limited,HKD ($),20K - 22K per month,2024-09-15
"中小學導師 (6天) (石硤尾白田)/Secondary School and Primary School Tutor (6ays) (Pak Tin Estate,Shek Kip Mei)",Bright Union International Limited,HKD ($),19K per month,2024-08-31
"中小學導師 (5.5天) (大埔太和)/Secondary School and Primary School Tutor (5.5ays) (Tai Wo, Tai Po)",Bright Union International Limited,HKD ($),15K - 16K per month,2024-08-31
"中小學導師 (6天) (沙田馬鞍山)/Secondary School and Primary School Tutor (6days) (Ma On Shan, Shatin)",Bright Union International Limited,HKD ($),20K per month,2024-08-31
"中小學導師 (5/6天) (觀塘安達)/Secondary School and Primary School Tutor (5 /6days) (On Tat Estate, Kwun Tong)",Bright Union International Limited,HKD ($),18.5K per month,2024-08-31
Assistant Safety Officer,Quon Hing Concrete Co Ltd,HKD ($),18K - 22K per month,2024-09-14
Clubhouse Assistant,Protech Property Management Limited,HKD ($),15.5K - 18K per month,2024-09-15
Account Executive,McCANN-Erickson (HK) LTD,HKD ($),15K - 16K per month,2024-09-13
Senior Education & Project Office/ Education & Project Officer (Ref.: SEPO/ EPO_Jijis2408),Green Power Limited,HKD ($),Negotiable,2024-09-15
Business Analyst,Global Sharp International Limited,HKD ($),23K - 27K per month,2024-08-31
初中導師(6天) (粉嶺)/ S1-S3 Secondary School Tutor (6days) (Fanling),Bright Union International Limited,HKD ($),23.5K per month,2024-08-30
Graduate Engineer,Far East Consulting Engineers Limited,HKD ($),Negotiable,2024-09-14
Quality Assurance Analyst (18k - 22k),FinIq Consulting Pte Ltd,HKD ($),18K - 22K per month,2024-09-14
HR & Admin. Assistant,Murata Power Solutions (Hong Kong) Limited,HKD ($),15K - 20K per month,2024-08-31
Options Trader (Full-time),Midas Technologies,CNY (¥),500 - 1K per day,2024-09-14
Project Officer in Department of Curriculum and Instruction (Ref: 2400923),The Education University of Hong Kong,HKD ($),32K per month,2024-08-23
Assistant IT Manager in Office of the Chief Information Officer (Ref: 2400920),The Education University of Hong Kong,HKD ($),32K per month,2024-08-23
Senior Research Assistant in Academy for Educational Development and Innovation (Ref: 2400887),The Education University of Hong Kong,HKD ($),29.1K per month,2024-08-22
Secretary,MCM Wealth Management Hong Kong Limited,HKD ($),14K - 16K per month,2024-09-14
Research Assistant I in Academy for Educational Development and Innovation (Ref: 2400880),The Education University of Hong Kong,HKD ($),21.4K per month,2024-08-22
Research Assistant I in Department of Mathematics and Information Technology (Ref: 2400866),The Education University of Hong Kong,HKD ($),21.4K per month,2024-08-23
Research Assistant I/II in Department of Mathematics and Information Technology (Ref: 2400858),The Education University of Hong Kong,HKD ($),21.4K per month,2024-08-23
Account Executive,The Tank Limited,HKD ($),Negotiable,2024-09-14
"統籌主任(教學) (6日) (九龍城啟晴)/ Centre Coordinator(Teaching) (6 DAYS) (Kai Ching, Kowloon City)",Bright Union International Limited,HKD ($),21K - 22K per month,2024-08-31
"初中導師 (5.5/6日) (九龍城啟晴)/ Secondary School Tutor (5.5/6 Days) (Kai Ching, Kowloon City)",Bright Union International Limited,HKD ($),19K - 21K per month,2024-08-30
"初中導師(5.5/6天) (沙田馬鞍山)/S1-S3 Secondary School Tutor (5.5/6 days) (Ma On Shan, Shatin))",Bright Union International Limited,HKD ($),17.5K - 19.5K per month,2024-08-30
初中導師(6天) (粉嶺皇后山)(每週38小時),Bright Union International Limited,HKD ($),15K - 17K per month,2024-08-30
初中導師(5.5/6天)(屯門市中心)/ Secondary School Tutor (5.5/6 days) (Tuen Mun Town Centre),Bright Union International Limited,HKD ($),0 - 18.5K per month,2024-08-30
Process Engineering Trainee (Based in Jiangmen),Johnson Electric Industrial Manufactory Limited,HKD ($),18K - 22K per month,2024-09-13
Data Center Operator/Technician ,HKCOLO Limited,HKD ($),19K - 22K per month,2024-09-14
Engineer Trainee,Shinryo (Hong Kong) Limited,HKD ($),Negotiable,2024-09-14
Sales Executive,New POS Network (HK) Ltd,HKD ($),19K - 21K per month,2024-09-14
"初中導師(5.5/6天) (沙田禾輋)/S1-S3 Secondary School Tutor (5.5/6 days) (Wo Che, Shatin)",Bright Union International Limited,HKD ($),19K - 21K per month,2024-08-30
Inside Sales Executive – Cloud Solutions Team,Superhub Limited,HKD ($),15K - 30K per month,2024-09-14
Part-time tutor - in person / remote work option available,Cana Academy Limited,HKD ($),250 - 500 per hour,2024-09-14
Audit Associate,T. O. Yip & Co. Limited,HKD ($),16.5K - 17K per month,2024-09-12
"Officer, Smart Industrial Systems and IoT Technology (Event and marketing focus) (Ref: SMD331/24. 9829)",Hong Kong Productivity Council,HKD ($),18K - 24K per month,2024-09-07
"初中導師(6天) (觀塘安達)/ S1-S3 Secondary School Tutor (6 days) (On Tat Estate, Kwun Tong)",Bright Union International Limited,HKD ($),19K - 20K per month,2024-08-30
統籌主任(教學)(6日) (屯門市中心)/ Centre Coordinator (Teaching) (6 DAYS) (Tuen Mun Town Centre),Bright Union International Limited,HKD ($),20.5K per month,2024-08-30
Veterinary Technician,MULTI-SCALE MEDICAL ROBOTICS CENTER LIMITED,HKD ($),18K - 25K per month,2024-09-14
(Assistant) Graduate Engineer - Installation/ Test & Commissioning / Design,ALSTOM Hong Kong Ltd,HKD ($),Negotiable,2024-09-14
Installation Engineer,ALSTOM Hong Kong Ltd,HKD ($),Negotiable,2024-09-14
AI Video Creator,Jojo Ventures Limited,HKD ($),Negotiable,2024-08-30
"Business Consultant (Serving Fortune 500 Clients, Central Grade A Office)",Endeavour Search Limited,HKD ($),22K - 34K per month,2024-09-14
Lecturer I/II in Department of Social Sciences and Policy Studies (Ref: 2400832),The Education University of Hong Kong,HKD ($),36K per month,2024-08-30
Assistant Event Manager/Events Coordinator,PROMO X LIMITED,HKD ($),16K - 20K per month,2024-08-23
Assistant Officer – Graduate School (Ref: AO (GS) 2024-08-16),The Hang Seng University of Hong Kong,HKD ($),Negotiable,2024-09-01
Graduate Intern (Development - Hong Kong Palace Museum),West Kowloon Cultural District Authority,HKD ($),16K per month,2024-09-14
Audio & Video Assistant,Luk Fook Holdings Company Limited,HKD ($),15K - 18K per month,2024-09-14
Business Development Manager,Serica Holdings HK Limited,HKD ($),20K - 40K per month,2024-09-09
Junior Secretary,ONC Lawyers,HKD ($),15K - 18K per month,2024-08-31
Teaching Assistant (Mathematics),Good Hope School,HKD ($),17K per month,2024-08-30
Human Resources Assistant,LSG Lufthansa Service Hong Kong Ltd,HKD ($),15K - 18K per month,2024-09-14
Bell Attendant (行李員) *5-days work week*,Kowloon Panda Hotel Limited,HKD ($),14.3K - 15.3K per month,2024-09-14
Telephone Operator - Service Centre Associate (服務中心服務員) *5 day work week*,Kowloon Panda Hotel Limited,HKD ($),16K - 16.5K per month,2024-09-14
"HR Management Trainee (Recruitment focused, incentive bonus)",Recruitfirst Limited,HKD ($),17K - 20K per month,2024-09-14
HR & Admin Officer,Trinity Medical Imaging Centre Limited,HKD ($),16K - 18K per month,2024-09-14
Contract Graduate Master (English Language),St. Joan of Arc Secondary School,HKD ($),35.08K - 81.51K per month,2024-09-13
Assistant Quantity Surveyor (Construction Project Management),Fugro Geotechnical Services Limited,HKD ($),19K - 22K per month,2024-09-13
Assistant IT Officer,Bernhard Schulte Shipmanagement (Hong Kong) Limited Partnership,HKD ($),16K - 21K per month,2024-09-13
LPSQ Officer,Bernhard Schulte Shipmanagement (Hong Kong) Limited Partnership,HKD ($),21K - 28K per month,2024-09-13
Chemist,Heraeus Limited,HKD ($),Negotiable,2024-09-13
Audit Junior,Y.K. Tsang & Company,HKD ($),12K - 18K per month,2024-09-13
TRAINEE: Liquidity and Structural Risks Analyst,Societe Generale - Hong Kong Branch,HKD ($),30K - 34K per month,2024-09-12
TRAINEE: Market Activity Analyst,Societe Generale - Hong Kong Branch,HKD ($),30K - 34K per month,2024-09-13
Assistant Editor (Secondary Mathematics) 中學數學教材編輯助理,"Educational Publishing House, Limited",HKD ($),15K - 17K per month,2024-09-13
ABA Therapist with Professional Training (5-days work) - Fresh Graduates are welcome,Autism Partnership Limited,HKD ($),15K - 22K per month,2024-08-30
Assistant Production Engineer,Avery Instrument Limited,HKD ($),15K - 18K per month,2024-09-13
Accounting Clerk / Assistant (Welcome Fresh Graduates),Hong Kong Technology Venture Company Limited,HKD ($),Negotiable,2024-09-10
Marketing Officer (Fresh graduates are also welcomed),"Educational Publishing House, Limited",HKD ($),17K - 23K per month,2024-09-13
Assistant Test Engineer / Test Engineer (E&E),TUV SUD Hong Kong Limited,HKD ($),Negotiable,2024-09-13
Sales Executive (ThePlace) - Welcome Fresh Graduates,Hong Kong Technology Venture Company Limited,HKD ($),17K - 25K per month,2024-09-13
Administrative Assistant (O2O Leasing Team) - Welcome Fresh Graduates,Hong Kong Technology Venture Company Limited,HKD ($),17K - 20K per month,2024-09-12
Manager Trainee (Business Development),AM730 Media Limited,HKD ($),15K - 18K per month,2024-09-10
Engineer Trainee,Takasago Thermal Engineering (Hong Kong) Company Limited,HKD ($),20K - 21K per month,2024-09-13
Graduate Structural Engineer,Buro Happold International (Hong Kong) LImited,HKD ($),Negotiable,2024-09-13
R&D Physicist,Jabez Innovation Limited,HKD ($),22K - 40K per month,2024-09-13
Sales and Marketing Assistant,BANDS Financial Limited,HKD ($),20K - 25K per month,2024-09-13
Sales Coordinator,GDC Technology Limited,HKD ($),Negotiable,2024-09-13
Sonographer (Part time / Full time),Medtimes Medical Group Limited,HKD ($),Negotiable,2024-09-10
Assistant Officer (Job ID: 10125),The Hong Kong University of Science & Technology-Human Resources Office,HKD ($),Negotiable,2024-09-13
三級項目主任 (PO III) (合約) (編號：WCDEC/87224),St. James' Settlement,HKD ($),Negotiable,2024-08-31
Project Executive (English / Chinese) (Full time) (特殊需要學習支援導師),Boaz International Education Institute Limited,HKD ($),20K per month,2024-08-31
Senior Research Assistant in Department of Chinese Language Studies (Ref: 2400810),The Education University of Hong Kong,HKD ($),32.4K per month,2024-08-22
Programmer (Client App),Mad Head App Limited,HKD ($),18K - 22K per month,2024-09-13
Senior Engineer / Engineer – Low Carbon Material,Nano and Advanced Materials Institute Limited,HKD ($),22K - 50K per month,2024-09-13
Operations Associate,Amber AM Limited,HKD ($),18K per month,2024-09-13
Senior Engineer / Engineer - Elastomers and Plastics,Nano and Advanced Materials Institute Limited,HKD ($),22K - 45K per month,2024-09-13
Senior Engineer / Engineer - ECO Functional Coating Materials,Nano and Advanced Materials Institute Limited,HKD ($),22K - 50K per month,2024-09-13
Senior Engineer / Engineer – Sprayed Concrete,Nano and Advanced Materials Institute Limited,HKD ($),22K - 50K per month,2024-09-13
Senior Engineer / Engineer – Functional Polymer,Nano and Advanced Materials Institute Limited,HKD ($),22K - 45K per month,2024-09-13
Senior Engineer / Engineer – Epoxy Resin & Polymer Synthesis,Nano and Advanced Materials Institute Limited,HKD ($),22K - 50K per month,2024-09-13
Management Trainee,晉昇貿易公司,HKD ($),25K - 50K per month,2024-08-26
Graphic Designer,Mad Head App Limited,HKD ($),17K - 21K per month,2024-09-13
Senior Engineer / Engineer – Catalysis,Nano and Advanced Materials Institute Limited,HKD ($),30K - 40K per month,2024-09-13
Management Trainee,ORIENTOP LIMITED,HKD ($),18K - 20K per month,2024-09-10
Assistant Manager (Application Servicing Centre),HKMC ANNUITY LIMITED,HKD ($),Negotiable,2024-08-28
財富管理實習生,晉昇貿易公司,HKD ($),15K - 20K per month,2024-08-26
Project Officer in Department of Psychology (Ref: 2400873),The Education University of Hong Kong,HKD ($),44.35K per month,2024-08-29
Project Officer in Department of Education Policy and Leadership (Ref: 2400903),The Education University of Hong Kong,HKD ($),38.2K per month,2024-08-22
Native-speaking English Teacher (under the EDB's Enhanced NET Scheme),St. Joan of Arc Secondary School,HKD ($),35.08K - 81.51K per month,2024-09-13
影片主持/ 主播 (全職),Momax Technology (Hong Kong) Limited,HKD ($),20K - 25K per month,2024-08-31
Operations Associate/Analyst,Xingtai Capital Management Limited,HKD ($),15K - 20K per month,2024-09-12
Youth Worker 青年工作員(香港青年協會大埔青年空間),The Hong Kong Federation of Youth Groups - Head Office,HKD ($),22.14K - 31.8K per month,2024-09-13
Scheme A Building Services Graduate Engineer,ISS Facility Services Limited,HKD ($),20K - 25K per month,2024-09-13
e-commerce / Digital Marketing Officer (IANG are welcome),WorldMart International Limited,HKD ($),15K - 18K per month,2024-09-13
兼職英文教師 (廣東話母語),Star Ace Education,HKD ($),30K - 80K per month,2024-09-10
Youth Worker (Business Analyst)(用戶體驗組),The Hong Kong Federation of Youth Groups - Head Office,HKD ($),22.14K - 32.6K per month,2024-09-13
全職幼稚園老師(青樂幼稚園(油麻地)/青樂幼兒園(油麻地)),The Hong Kong Federation of Youth Groups - Head Office,HKD ($),25.11K - 32.6K per month,2024-09-13
支援幼稚園老師(6至8月份) (青樂幼稚園/青樂幼兒園),The Hong Kong Federation of Youth Groups - Head Office,HKD ($),25.11K - 32.6K per month,2024-09-13
Youth Worker 青年工作員(香港青年協會有機農莊),The Hong Kong Federation of Youth Groups - Head Office,HKD ($),22.14K - 32.6K per month,2024-09-13
Development Officer 發展幹事(香港青年協會有機農莊),The Hong Kong Federation of Youth Groups - Head Office,HKD ($),35.08K - 45.89K per month,2024-09-13
ASST ENGINEER,Quon Hing Concrete Co Ltd,HKD ($),20K - 25K per month,2024-09-13
Development Officer (賽馬會Media 21媒體空間),The Hong Kong Federation of Youth Groups - Head Office,HKD ($),35.08K - 45.89K per month,2024-09-13
Assistant Service Engineer,Fresenius Medical Care Hong Kong Limited,HKD ($),2K - 25K per month,2024-09-13
Registered Nurse (Wanchai / Tuen Mun),Fresenius Medical Care Hong Kong Limited,HKD ($),23K - 36K per month,2024-09-13
Project Editor / Editor / Assistant Editor – Chinese Language Teaching (Secondary CLT),Oxford University Press (China) Limited,HKD ($),Negotiable,2024-09-13
Senior Engineer /Engineer – Polymer Based Construction Materials,Nano and Advanced Materials Institute Limited,HKD ($),22K - 50K per month,2024-09-13
NAMI Silver Tip Engineer Trainee Program,Nano and Advanced Materials Institute Limited,HKD ($),22K - 25K per month,2024-09-13
Senior Engineer / Engineer – Construction Materials,Nano and Advanced Materials Institute Limited,HKD ($),22K - 50K per month,2024-09-13
Senior Associate (Direct Marketing),HKMC ANNUITY LIMITED,HKD ($),Negotiable,2024-08-28
General Insurance Executive / Executive Trainee,Sun Mobility Insurance and Claims Services Limited,HKD ($),Negotiable,2024-09-13
Sales & Marketing Executive,The Distillery Limited,HKD ($),15K - 17K per month,2024-09-13
Management Trainee,Quon Hing Concrete Co Ltd,HKD ($),18K - 20K per month,2024-09-13
Analyst Programmer,FDS Solutions Limited,HKD ($),22K per month,2024-09-13
Front Office Officer 客務服務主任 (Hotel - Front Office),Bishop Lei International House,HKD ($),Negotiable,2024-09-13
Waiter/Waitress (Hotel - Coffee Shop),Bishop Lei International House,HKD ($),18.2K per month,2024-09-13
Youth Worker (STEM Education)(創意教育組),The Hong Kong Federation of Youth Groups - Head Office,HKD ($),22.14K - 32.6K per month,2024-09-12
青年工作員 (賽馬會西貢戶外訓練營),The Hong Kong Federation of Youth Groups - Head Office,HKD ($),22.14K - 32.6K per month,2024-09-12
發展幹事 (賽馬會西貢戶外訓練營),The Hong Kong Federation of Youth Groups - Head Office,HKD ($),35.08K - 45.89K per month,2024-09-12
Flight Attendant (Based in Hong Kong),Cathay Pacific Airways LTD,HKD ($),9.1K - 17K per month,2024-09-12
Counillor Assitsant,"Office of Ip Yik Nam, Member of C&W District Council",HKD ($),16K - 18K per month,2024-09-05
Experienced Flight Attendant (Based in Hong Kong),Cathay Pacific Airways LTD,HKD ($),9.1K - 17K per month,2024-09-12
"合約教學助理 (2024/25學年) **多個科目** 月薪$18,345-",New Territories Heung Yee Kuk Tai Po District Secondary School,HKD ($),Negotiable,2024-08-29
Executive Officer II / Executive Assistant in Graduate School (Ref: 2400911),The Education University of Hong Kong,HKD ($),21.4K per month,2024-08-28
Associate Professor / Assistant Professor in Department of Curriculum and Instruction (Ref: 2400879),The Education University of Hong Kong,HKD ($),78.1K per month,2024-08-27
Admin Assistant / Operation Executive,Industrial Design Associates International (Hong Kong) Limited,HKD ($),16K - 24K per month,2024-09-12
Discovery & Education Officer (School/Public/Exhibition) (HK$6000 New Joiner Incentive),Ocean Park Corporation,HKD ($),15K - 18K per month,2024-09-12
Fun Learning Officer,Ocean Park Corporation,HKD ($),15K - 18K per month,2024-09-12
Learn-to-swim Programme Instructor (School),Ocean Park Corporation,HKD ($),18K - 25K per month,2024-09-12
Reservation Service Officer,Ocean Park Corporation,HKD ($),16K - 20K per month,2024-09-12
Management Trainee,"Sompo Insurance (Hong Kong) Co., Ltd.",HKD ($),Negotiable,2024-09-12
Assistant Officer (Career Center) (Job ID: 10115),The Hong Kong University of Science and Technology - Career Center,HKD ($),Negotiable,2024-08-26
Software Engineering Practice,FDM Group HK Limited,HKD ($),24K - 30K per month,2024-09-12
Data and Analytics Practice,FDM Group HK Limited,HKD ($),24K - 30K per month,2024-09-12
Business Analyst and Project Management Officer,FDM Group HK Limited,HKD ($),24K - 30K per month,2024-09-12
Administrative officer,InspireLab Ltd,HKD ($),17K - 20K per month,2024-09-12
Associate IT Consultant (Cloud Digital),AI Momentum Limited,HKD ($),17K - 21K per month,2024-09-12
FinTech Quant Developer,PremiaLab HK Limited,HKD ($),Negotiable,2024-09-07
Designer,Gentle Kids Limited,HKD ($),12K - 16K per month,2024-09-07
(Part Time)中文科導師,IN CONSULTING GROUP LIMITED,HKD ($),100 - 250 per hour,2024-09-02
數學導師/高級數學導師 (中學部),IN CONSULTING GROUP LIMITED,HKD ($),15K - 22K per month,2024-09-02
English Tutor,IN CONSULTING GROUP LIMITED,HKD ($),15K - 20K per month,2024-09-02
Sales Manager,Dragon Wealth Enterprises Limited,HKD ($),20K - 35K per month,2024-09-12
Assistant Engineer/Graduate Engineer– (MVAC/ELEC),Krueger Engineering (Asia) Ltd,HKD ($),15K - 20K per month,2024-09-11
"Wealth Strategist /Management Trainee, Financial Advisor /Intern (畢業生優先/無相關經驗要求)",Serena Ji Financial Consultant Company,HKD ($),10K - 30K per month,2024-09-11
Management Trainee,H&W Group (Greater China) Limited,HKD ($),12K - 16K per month,2024-08-28
Assistant Engineer,Jekco Elevators Limited,HKD ($),18K - 22K per month,2024-08-31
Teaching Assistant (Five posts) in Department of Psychology (Ref: 2400907),The Education University of Hong Kong,HKD ($),21.4K per month,2024-08-28
3D Designer - Event & Exhibition,Eventist Hong Kong Limited,HKD ($),20K - 26K per month,2024-09-12
Account Executive,Eventist Hong Kong Limited,HKD ($),18K - 24K per month,2024-09-12
Operation Executive,Eventist Hong Kong Limited,HKD ($),18K - 22K per month,2024-09-12
全職中小學補習導師,Virtuous Education Limited,HKD ($),15K - 18K per month,2024-09-12
Youth Worker (Data Analyst)(資訊科技組),The Hong Kong Federation of Youth Groups - Head Office,HKD ($),22.14K - 32.6K per month,2024-09-12
Investment Risk Analyst,Invesco Hong Kong Limited,HKD ($),Negotiable,2024-09-12
Graduate Trader | 2025 Intake – Expression of Interest,Eclipse Options (HK) Limited,HKD ($),Negotiable,2024-09-12
Technician,Humana Medical Limited,HKD ($),14K - 16K per month,2024-08-25
Marketing Officer (Medical Products and Equipment),Humana Medical Limited,HKD ($),20K - 22K per month,2024-08-25
Sales Coordinator,Humana Medical Limited,HKD ($),15K - 17K per month,2024-08-25
Full-time Mathematics teachers,Nobal Limited,HKD ($),22K - 25K per month,2024-08-25
Project Assistant (Financial institution),Fortune Origin Securities Limited,HKD ($),Negotiable,2024-09-12
Accountant (AR) / Credit Analyst (Welcome Fresh Graduates),Smith & Associates Far East Limited,HKD ($),18K - 20K per month,2024-09-12
R&D Engineer,Smith & Associates Far East Limited,HKD ($),20K - 24K per month,2024-09-12
Audit Assistant,Fok Chan Leung Wan CPA Limited,HKD ($),18K - 20K per month,2024-09-12
Assistant Personal Banking Manager Trainee,Chong Hing Bank Limited,HKD ($),19K per month,2024-09-12
"Management Trainee 2025 (HK$32,000)",Hong Kong Technology Venture Company Limited,HKD ($),Negotiable,2024-09-12
Software Developer (Node.js/Vue.js),Swivel Software Limited,HKD ($),18K - 20K per month,2024-09-01
Teacher Assistant (Aoi Pui School),Umbrella School Foundation Limited,HKD ($),15K - 18K per month,2024-08-31
Recreation Assistant,The Clearwater Bay Golf & Country Club,HKD ($),Negotiable,2024-09-12
Assistant Software Engineer (Fresh graduate are welcome),Umbrella School Foundation Limited,HKD ($),18K - 20K per month,2024-08-31
Assistant Maintenance Engineer,Roctec Technology Limited,HKD ($),Negotiable,2024-09-11
"Trainee, Risk Governance",Natixis,HKD ($),Negotiable,2024-09-11
2024 Deloitte China Autumn Recruitment Kicks Off (Audit Services),Deloitte Touche Tohmatsu,HKD ($),Negotiable,2024-09-11
Account Manager (Corporate Sales),SERVICEONE LIMITED,HKD ($),16K - 24K per month,2024-08-31
Event Officer,Amway (Hong Kong) Limited,HKD ($),Negotiable,2024-08-31
Commercial Document Clerk,"CHINA MAGNESIUM HOLDING CO., LIMITED",HKD ($),16K - 20K per month,2024-09-11
美術設計員,HONG KONG MEDIA ENTERPRISES HOLDINGS LIMITED,HKD ($),80 - 120 per hour,2024-09-11
Nutritionist,Amway (Hong Kong) Limited,HKD ($),Negotiable,2024-08-31
Contract Clerk - Testing Lab (Completion Bonus/5 day work),Bureau Veritas Hong Kong Limited,HKD ($),Negotiable,2024-09-11
Junior / QA Engineer,Price.com.hk Limited,HKD ($),17K - 24K per month,2024-09-10
Assistant Human Resources Officer (Job ID: 10114),The Hong Kong University of Science & Technology-Human Resources Office,HKD ($),Negotiable,2024-09-11
"Recruitment Consultant/ Headhunter/ Trainee (NOT HR, please read content)",OAC Group Limited,HKD ($),Negotiable,2024-09-11
Engineer Trainee (Review chemical test result),Bureau Veritas Hong Kong Limited,HKD ($),Negotiable,2024-09-11
Engineer Trainee (Test Assignment / Report Drafting),Bureau Veritas Hong Kong Limited,HKD ($),Negotiable,2024-09-11
HR & Admin Officer,Chew International Foods Limited,HKD ($),18K - 19K per month,2024-09-11
Customer Support Specialist,Gard HK Limited,HKD ($),18K - 20K per month,2024-09-10
Consultant Trainee,Cloudnifier Corporation Limited,HKD ($),17.5K - 20K per month,2024-09-11
Administrative Assistant / Receptionist (5-day work),China First Capital Group Limited,HKD ($),Negotiable,2024-08-31
Assistant Sales Engineer,Geek Plus International Company Limited,HKD ($),Negotiable,2024-09-11
System Technical Support (Regional),Geek Plus International Company Limited,HKD ($),Negotiable,2024-09-11
兼職服務助理(時薪)（職位編號：CDS－PTSA）,Hong Kong Sheng Kung Hui Lady MacLehose Centre,HKD ($),Negotiable,2024-09-11
兼職課餘託管導師 (合約) (編號：TSWD/84524),St. James' Settlement,HKD ($),110 per hour,2024-09-11
Designer (Product),Kedah Company Limited,HKD ($),15K - 18K per month,2024-08-31
CS Coordinator,Bureau Veritas Hong Kong Limited,HKD ($),Negotiable,2024-09-11
會計主任/副主任,Sun Ferry Services Company Limited,HKD ($),16K - 18K per month,2024-09-11
Marine Claims Assistant,Andrew Liu & Co Ltd,HKD ($),20K - 23K per month,2024-09-11
"Administrator (Pension Admin, Fresh Grad welcome)",Link Retirement Solutions HK Limited,HKD ($),Negotiable,2024-09-11
2024 Deloitte China Autumn Recruitment Kicks Off (Consulting Services),Deloitte Touche Tohmatsu,HKD ($),Negotiable,2024-09-11
Operations Coordinator (5 days work),Autism Partnership Limited,HKD ($),15K - 20K per month,2024-08-29
2024 Deloitte China Autumn Recruitment Kicks Off (Tax Services),Deloitte Touche Tohmatsu,HKD ($),Negotiable,2024-09-11
Finance Clerk / Officer,VCREDIT FINANCE LIMITED,HKD ($),16K - 22K per month,2024-09-11
Technician / Assistant Chemist – Analytical Laboratory,Bureau Veritas Hong Kong Limited,HKD ($),Negotiable,2024-09-11
Operations Officer,NOVAUTEK AUTONOMOUS DRIVING LIMITED,HKD ($),15K - 20K per month,2024-09-11
Program Worker (SEN Project),Gentle Kids Limited,HKD ($),14.5K - 18K per month,2024-09-07
Developer (Hybrid Mobile Development),Infocast Limited,HKD ($),Negotiable,2024-09-11
Project Coordinator,Infocast Limited,HKD ($),Negotiable,2024-09-11
Assistant Project Engineer,Roctec Technology Limited,HKD ($),Negotiable,2024-09-11
Assistant Network Engineer,Roctec Technology Limited,HKD ($),Negotiable,2024-09-11
Admin Officer,Infiny Realty Limited,HKD ($),Negotiable,2024-09-08
Sales and Marketing Executive / Assistant (Full/Part time),Linked-Technologies Limited,HKD ($),10K - 21K per month,2024-09-10
"Member of Technical Staff (Wireless System), (Full time and Part time)",Linked-Technologies Limited,HKD ($),18K per month,2024-09-10
"Member of Technical Staff (Wireless System), (Full time and Part time)",Linked-Technologies Limited,HKD ($),18K per month,2024-09-10
"Member of Technical Staff (RF/Microwave Engineering), (Full time and Part time)",Linked-Technologies Limited,HKD ($),20K - 23K per month,2024-09-10
Sales and Marketing Executive,Kalloc Studios Asia Limited,HKD ($),20K - 25K per month,2024-08-31
"Member of Technical Staff (AI and System Development), (Full time and Part time)",Linked-Technologies Limited,HKD ($),10K - 23K per month,2024-09-10
3D Animator/3D Artist,Kalloc Studios Asia Limited,HKD ($),18K - 23K per month,2024-08-31
"Assistant Executive, Sales & Marketing",Simatelex Manufactory Company Limited,HKD ($),18K - 20K per month,2024-08-31
2024 Management Trainee - Business Development,Global Sharp International Limited,HKD ($),23K - 27K per month,2024-08-26
電子健康紀錄互通系統推廣大使 - 公營醫療機構 (星期一至五; 紅日放假; 協助市民登記及推廣手機流動應用程式),Event Elite Production and Promotion Limited,HKD ($),12K - 15K per month,2024-09-10
"Assistant, Guest Services (Hostel) (Full Time) (ref: JIJIS-GSA)",New World Facilities Management Company Limited,HKD ($),Negotiable,2024-09-10
"Executive, Venue Services (Ref: JIJIS-EVS)",New World Facilities Management Company Limited,HKD ($),Negotiable,2024-09-10
Part-Time Workshop Facilitator for Secondary Schools,KELY Support Group Limited,HKD ($),500 - 700 per hour,2024-09-06
Graduate Engineer - Railway,Ground Transportation Systems (Hong Kong) Limited,HKD ($),20K - 23K per month,2024-09-09
Assistant Environmental Consultant,Cinotech Consultants Limited,HKD ($),17K - 20K per month,2024-08-31
Full Stack Engineer,FAMOUS RAISE LTD,HKD ($),20K - 30K per month,2024-09-10
STAGE MANAGER/ DEPUTY STAGE MANAGER,City Contemporary Dance Co Ltd,HKD ($),18K - 25K per month,2024-09-10
Associate,DLC Advisory Services,HKD ($),30K per month,2024-09-09
Electronic Engineer / Senior Electronic Engineer,Roborn Technology Limited,HKD ($),25K - 35K per month,2024-09-02
Assistant Officer – Global Affairs Office,The Hang Seng University of Hong Kong,HKD ($),17K - 25K per month,2024-08-25
Research Assistant – Department of Supply Chain and Information Management,The Hang Seng University of Hong Kong,HKD ($),14K - 20K per month,2024-08-25
IT Support (Fresh Graduate Welcome),Southa Technical Limited,HKD ($),Negotiable,2024-09-07
Assistant Engineer,Stanger Asia Limited,HKD ($),19K - 20K per month,2024-09-10
Technician,Stanger Asia Limited,HKD ($),17K - 18K per month,2024-09-10
Company Secretarial Trainee,PROMINENT SERVICES LIMITED,HKD ($),15K - 18K per month,2024-09-10
Accounts Assistant (Part-time),Kennedys,HKD ($),Negotiable,2024-09-10
Marketing Trainee,Noblesse Living Limited,HKD ($),15K - 18K per month,2024-09-10
ANALYST PROGRAMMER,Global Logistics System (HK) Co. Ltd,HKD ($),Negotiable,2024-09-09
Clerk (Service Admin.),Bio-Gene Technology Limited,HKD ($),15K - 18K per month,2024-09-10
Executive Assistant in Office of the President (Ref: 2400902),The Education University of Hong Kong,HKD ($),21.4K per month,2024-08-26
Technician (系統維修技術員),Ground Transportation Systems (Hong Kong) Limited,HKD ($),14K - 20K per month,2024-09-09
Project Officer in Department of Psychology (Ref: 2400869),The Education University of Hong Kong,HKD ($),32K per month,2024-08-26
Operations Executive (Full-Time/Part-Time),GOGO TECH LIMITED,HKD ($),Negotiable,2024-09-09
Customer Service Coordinator (Air Freight Forwarding),Yusen Logistics (Hong Kong) Limited,HKD ($),Negotiable,2024-09-01
Logistics Executive (Tender Management/Supply Chain Solutions),Yusen Logistics (Hong Kong) Limited,HKD ($),Negotiable,2024-09-01
Event Executive (Junior Position),Event Elite Production and Promotion Limited,HKD ($),Negotiable,2024-09-10
Graphic Designer - Event & Exhibition Design,Event Elite Production and Promotion Limited,HKD ($),13K - 18K per month,2024-09-10
Accounting Clerk,ABCI Insurance Company Limited,HKD ($),15K - 20K per month,2024-09-10
Senioe Account Executive / Account Executive,Panda Healthcare Limited,HKD ($),20K - 30K per month,2024-08-31
Marketing Associate,Finpod Limited,HKD ($),Negotiable,2024-09-10
Audit Semi-Senior (5 working days),H.H. Lam & Co. CPA Limited,HKD ($),Negotiable,2024-09-10
Audit Junior (5 working days),H.H. Lam & Co. CPA Limited,HKD ($),Negotiable,2024-09-10
Creative Media Associate (AI-Powered Content Creation),Jojo Ventures Limited,HKD ($),20K - 23K per month,2024-08-23
Programmer,MobileTech Limited,HKD ($),18K - 19K per month,2024-09-09
Assistant Editor (Science),Ling Kee Publishing Co Ltd,HKD ($),13K - 15K per month,2024-09-09
行政助理 (5天)(鑽石山)/Administrative Assistant (5 days)(Diamond Hill),Bright Union International Limited,HKD ($),14.8K per month,2024-08-31
Executive - Business Development (5-day work),AM730 Media Limited,HKD ($),18K - 20K per month,2024-08-31
Reporter/Editor(港聞版),AM730 Media Limited,HKD ($),17K - 18K per month,2024-08-31
Reporter,AM730 Media Limited,HKD ($),17K - 18K per month,2024-08-31
Fund Accountant (Fresh graduates are welcome),Langham Hall Hong Kong Limited,HKD ($),19K - 20K per month,2024-09-08
行政助理 (6天)(鑽石山)/Administrative Assistant (6 days)(Diamond Hill),Bright Union International Limited,HKD ($),17K per month,2024-08-24
Project Coordinator (Welcome Fresh Graduates),MediConCen Limited,HKD ($),17.5K - 19.5K per month,2024-08-31
公民與社會發展科導師 (5天) /CSD Tutor(5 days)/地理,Bright Union International Limited,HKD ($),22K per month,2024-08-24
兼職小學導師 (鑽石山)/Part-time Primary School Tutor (Diamond Hill),Bright Union International Limited,HKD ($),75 - 90 per hour,2024-08-24
Company Secretarial Officer/Assistant Company Secretarial Officer,Yue Yuen Industrial (Holdings) Limited,HKD ($),20K - 30K per month,2024-09-07
Bell Captain,"Dorsett Kai Tak, Hong Kong",HKD ($),17K per month,2024-09-08
Reservations Agent,"Dorsett Kai Tak, Hong Kong",HKD ($),16K per month,2024-09-08
Guest Service Agent,"Dorsett Kai Tak, Hong Kong",HKD ($),16K per month,2024-09-08
兼職中小學導師 (鑽石山),Bright Union International Limited,HKD ($),75 - 90 per hour,2024-08-24
下午小學導師(4/5天) (鑽石山)Half-Day Primary school tutor (4/ 5 Days)(Diamond Hill),Bright Union International Limited,HKD ($),8.3K - 10.3K per month,2024-08-24
下午初中導師(4/5天)(鑽石山)/ S1-S3 Secondary School Tutor (PM)(4/5 days) (Diamond Hill),Bright Union International Limited,HKD ($),8.3K - 10.3K per month,2024-08-31
PE Fund Coordinator (Compliance Graduate),Langham Hall Hong Kong Limited,HKD ($),Negotiable,2024-09-08
Junior Algorithm Engineer (AI Trainee),Global Sharp International Limited,HKD ($),23K - 27K per month,2024-08-24
全職英文教師 (廣東話母語),Star Ace Education,HKD ($),30K - 80K per month,2024-08-31
Marketing Trainee,AO JIE PLASTIC TOYS FACTORY LTD,HKD ($),15K - 18K per month,2024-09-08
Graduate Engineer (BS),Meinhardt (M&E) Limited,HKD ($),Negotiable,2024-09-08
Graduate Engineer (ME),Meinhardt (M&E) Limited,HKD ($),Negotiable,2024-09-08
Graduate Engineer (EL),Meinhardt (M&E) Limited,HKD ($),20K - 22K per month,2024-09-08
Gradudate Engineer,Meinhardt (C&S) Limited,HKD ($),Negotiable,2024-09-08
Sports Performance Researcher,Ai Sports Coach Limited,HKD ($),20K - 45K per month,2024-09-08
"Graduate Consultant/ Associate Consultant (RAMS, EMC)",Beijing Urban Construction Design (Hong Kong) Company Limited,HKD ($),18K - 26K per month,2024-09-07
社工 P3-SW3-KNMH/HO,Christian Family Service Centre,HKD ($),Negotiable,2024-09-07
Social Worker (holding a functional title of Project Officer) in Project Aspire (Ref: 2400878),The Education University of Hong Kong,HKD ($),32K per month,2024-08-23
Assistant Quantity Surveyor,Unistress Building Construction Limited,HKD ($),20K - 26K per month,2024-09-07
Audit Junior,Smart CPA (Hong Kong) Limited,HKD ($),Negotiable,2024-09-07
珠寶銷售顧問/珠寶銷售高級顧問,Luk Fook Holdings Company Limited,HKD ($),13K - 18K per month,2024-09-07
出納員 Cashier,Luk Fook Holdings Company Limited,HKD ($),11K - 14K per month,2024-09-07
Assistant System Administration Officer,Luk Fook Holdings Company Limited,HKD ($),Negotiable,2024-09-07
FSR (Sales Associate) - Filipino Speaker,Stratos Group Services Limited,HKD ($),20K - 22K per month,2024-09-07
"Audit Staff (Junior / Senior) - 5 day work, Fresh Graduates are welcome",SRF Partners & Co,HKD ($),14K - 16K per month,2024-08-24
Project Clerk (TC/CK),Against Child Abuse Limited,HKD ($),Negotiable,2024-08-30
Project Social Worker (New Project),Against Child Abuse Limited,HKD ($),Negotiable,2024-08-30
Assistant-Research & Development,Nissin Foods (H.K.) Management Company Limited,HKD ($),16K per month,2024-09-07
Engineer/Assistant Engineer,Nissin Foods (H.K.) Management Company Limited,HKD ($),16K - 17K per month,2024-09-07
Translator (Japanese Speaking),Nissin Foods (H.K.) Management Company Limited,HKD ($),16K per month,2024-09-07
MARKETING ASSISTANT – SHKP CLUB,Sun Hung Kai Properties Ltd,HKD ($),Negotiable,2024-08-31
"KPMG China Graduate Programme 2023-2024 – Audit, Tax & Advisory",KPMG,HKD ($),Negotiable,2024-09-07
Project Planner,Ericsson,HKD ($),22K - 31K per month,2024-08-31
全職英文教室導師 Centre Tutor (Eng) - 粉嶺聯和墟 / 天水圍,Popular Learning Centre (Union Plaza) Limited,HKD ($),18K - 21K per month,2024-08-31
Project Assistant (Home Visitation Project for Newborn),Against Child Abuse Limited,HKD ($),Negotiable,2024-08-30
Trade Compliance Officer,Crystal International Group Limited,HKD ($),Negotiable,2024-09-01
Social Worker (CCI/RSW),Against Child Abuse Limited,HKD ($),Negotiable,2024-08-30
Social Worker (CY/SW (Daylily)),Against Child Abuse Limited,HKD ($),Negotiable,2024-08-30
Operations Assistant,DL Holdings Group Limited,HKD ($),Negotiable,2024-08-31
Assistant Building Services Engineer,Unistress Building Construction Limited,HKD ($),20K - 26K per month,2024-09-07
Technician-Quality Assurance,Nissin Foods (H.K.) Management Company Limited,HKD ($),14K - 14.5K per month,2024-09-07
Graduate Engineer,Unistress Building Construction Limited,HKD ($),20K - 27K per month,2024-09-07
Service Engineer,Keymax Technology (Hong Kong) Ltd,HKD ($),18K - 20K per month,2024-09-06
Project Assistant,GHM Greater Bay Institute of Urban Architecture (Hong Kong) Co. Ltd.,HKD ($),15K - 18K per month,2024-08-30
Digital Marketing Strategist,Allua Limited,HKD ($),18K - 28K per month,2024-09-05
初中英文導師(6天) (粉嶺),Bright Union International Limited,HKD ($),20K - 22K per month,2024-08-29
"Assistant, Compliance (Ref: COM/IC/ASST)",The Law Society of Hong Kong,HKD ($),Negotiable,2024-08-22
"Assistant, Registration (Ref: COM/REG/ASST)",The Law Society of Hong Kong,HKD ($),Negotiable,2024-08-22
"Assistant, Standards & Development (Ref: S&D/ASST)",The Law Society of Hong Kong,HKD ($),Negotiable,2024-08-22
"Assistant, Communications and External Affairs (Ref: CEA/ASST)",The Law Society of Hong Kong,HKD ($),Negotiable,2024-08-22
Medical Sales Representative,DKSH Hong Kong Limited,HKD ($),22K - 24K per month,2024-09-07
Project Executive (Event Marketing),Asia Motion E-Sports Limited,HKD ($),17K per month,2024-09-07
System Engineer Trainee - Data Security (Work-life-balance),Top Level Corporation Limited,HKD ($),17K per month,2024-09-03
Junior Dealer / Dealer (Day-shift) (5-day work),Centaline Securities Limited,HKD ($),20K - 26K per month,2024-08-25
Multimedia Designer/ Animator,Allua Limited,HKD ($),Negotiable,2024-08-31
Quality Engineer/Quality manager(Station at Dongguan),Blue Ocean Innovation Limited,HKD ($),20K - 30K per month,2024-09-07
Project Manager (Local Tour and Client Coordination),Storius Limited,HKD ($),18K - 20K per month,2024-08-30
BMS 電子技術員 (Technician),EC Infotech Ltd,HKD ($),Negotiable,2024-09-07
Legal Secretary,Chan King Wong and Co.,HKD ($),18K - 23K per month,2024-09-07
Assistant Officer/Senior Clerk-Accounting,Nissin Foods (H.K.) Management Company Limited,HKD ($),15K - 16K per month,2024-09-07
Assistant-Advertising,Nissin Foods (H.K.) Management Company Limited,HKD ($),15K per month,2024-09-07
Assistant-Company Secretarial,Nissin Foods (H.K.) Management Company Limited,HKD ($),15K - 16K per month,2024-09-07
Buyer,Nissin Foods (H.K.) Management Company Limited,HKD ($),13K - 14K per month,2024-09-07
Graphic Designer,Nissin Foods (H.K.) Management Company Limited,HKD ($),15K - 16K per month,2024-09-07
Assistant-Marketing,Nissin Foods (H.K.) Management Company Limited,HKD ($),15K per month,2024-09-07
教育客戶服務主任/銷售與行政助理 Customer Service Officer/Sales Administrator(將軍澳坑口),Dr. Kids Education Group Limited,HKD ($),15K - 19K per month,2024-09-07
Audit Junior,AIP Partners C.P.A. Limited,HKD ($),15K - 20K per month,2024-09-06
R&D Engineer,Jabez Innovation Limited,HKD ($),22K - 40K per month,2024-08-31
Facility Operation Assistant (for Dream Impact Social Innovation Co-working Space),North Star Calling Company Limited,HKD ($),15K - 16K per month,2024-09-06
Customer Services Coordinator,SERVICEONE LIMITED,HKD ($),15K - 16K per month,2024-08-31
客戶服務助理(兼職)(彈性工作時間) (Part Time Customer Service Assistant) (屯門/天水圍),Many Wells Property Agent Limited,HKD ($),55 - 65 per hour,2024-08-31
Store Trainee Manager,PARKnSHOP (HK) Limited,HKD ($),19.3K - 22.6K per month,2024-09-06
"持牌地產代理(無須經驗,年齡不限)(屯門/天水圍)(Property Consultant/Representative)",Many Wells Property Agent Limited,HKD ($),13.6K - 50K per month,2024-08-31
祥益地产管理见习生计划(欢迎准毕业生 / IANG签证人士),Many Wells Property Agent Limited,HKD ($),Negotiable,2024-08-31
物業顧問(兼職)(彈性工作時間) (Part Time Property Negotiator) (屯門/天水圍),Many Wells Property Agent Limited,HKD ($),70 - 80 per hour,2024-08-31
Software Engineer,Common Analytics Limited,HKD ($),25K - 30K per month,2024-09-06
Regional Portfolio Trainee (Product Marketing),Robert Bosch Company Limited,HKD ($),15K - 16K per month,2024-09-06
遊戲開發工程師,HK TUYOO TECHNOLOGY LIMITED,HKD ($),20K - 25K per month,2024-09-06
Show Coordinator - Diamond & Jewelry,Brink's Hong Kong Limited,HKD ($),Negotiable,2024-09-05
二級/三項目主任 (PO II) (合約) (編號：TSWD/82324),St. James' Settlement,HKD ($),16.87K per month,2024-09-06
System Engineer,UNOTECH LIMITED,HKD ($),Negotiable,2024-08-31
Logistics Coordinator (Shipping arrangement),SF Supply Chain (Hong Kong) Limited,HKD ($),Negotiable,2024-08-31
Assistant Project Engineer,Henley Engineers Limited,HKD ($),19K - 25K per month,2024-09-05
Wealth Management Trainee,ZIPP Wealth Management Limited,HKD ($),Negotiable,2024-09-06
Business Analyst – Smart Logistics,Hong Kong Logistics Technology & Systems Limited,HKD ($),17K - 19K per month,2024-09-06
Assistant Test Engineer,TUV Rheinland HK Limited,HKD ($),14K - 16K per month,2024-09-06
Secretary,Hong Kong Christian Service,HKD ($),Negotiable,2024-08-23
"Accounting Associate, Outsourcing Services",Mazars CPA Limited,HKD ($),18K - 19K per month,2024-09-06
"2024 Graduate Associate, Audit & Assurance",Mazars CPA Limited,HKD ($),18K per month,2024-09-05
Assistant Editor 助理編輯 (中學中文科),Pan Lloyds Publishers Limited,HKD ($),15K - 17K per month,2024-09-06
Part Time Tutor - Chemistry,ED Pro Learning Centre Limited,HKD ($),250 - 350 per hour,2024-08-31
Senior Software Development Engineer,Bloombase Technologies Limited,HKD ($),20K - 50K per month,2024-09-06
Software Development Engineer,Bloombase Technologies Limited,HKD ($),14K - 20K per month,2024-09-06
Technical Support Engineer,Bloombase Technologies Limited,HKD ($),14K - 20K per month,2024-09-06
Customer Success Engineer,Bloombase Technologies Limited,HKD ($),14K - 20K per month,2024-09-06
"Assistant Officer, Corporate Services",Gary Cheng CPA Limited,HKD ($),17K - 17.5K per month,2024-09-06
Sales & Marketing Executive (FMCG),Metro Brands Limited,HKD ($),13K - 15K per month,2024-08-31
Asset Management Trainee,Polar Management Company,HKD ($),12K - 18K per month,2024-08-31
Project Management Trainee,Anson Tools Holdings Limited,HKD ($),16K - 23K per month,2024-09-06
Graduate Engineer,Anson Tools Holdings Limited,HKD ($),16K - 23K per month,2024-09-06
Product Advisor,Anson Tools Holdings Limited,HKD ($),12K - 20K per month,2024-09-06
Reporter - Online News,The Standard Newspapers Publishing Limited,HKD ($),16K - 17K per month,2024-08-31
TRAINEE: Data Quality Assistant,Societe Generale - Hong Kong Branch,HKD ($),30K - 34K per month,2024-09-06
Customer Service Executive - Commoditites,Brink's Hong Kong Limited,HKD ($),17K - 18K per month,2024-09-06
STEM TUTOR,INTELLIGENT TRAINING CENTER LIMITED,HKD ($),Negotiable,2024-09-06
Sonographer,Trinity Medical Imaging Centre Limited,HKD ($),400 - 800 per hour,2024-08-31
Health Care Assistant,Trinity Medical Imaging Centre Limited,HKD ($),16K - 20K per month,2024-08-31
Customer Services Associates (Front Desk),Trinity Medical Imaging Centre Limited,HKD ($),Negotiable,2024-08-31
Medical Typist,Trinity Medical Imaging Centre Limited,HKD ($),18K - 22.5K per month,2024-08-31
Executive Officer/ Executive Assistant (Reporting Team),Trinity Medical Imaging Centre Limited,HKD ($),18K - 22.5K per month,2024-08-31
Digital Marketing Assistant [Fresh Graduate are Welcome](Social Media/ Online Adv),iBorn Media Limited,HKD ($),Negotiable,2024-09-05
市場專員Marketing Specialis,香港邦芒服務外包有限公司,HKD ($),15K - 20K per month,2024-08-31
Graduate Intern (Hong Kong Palace Museum – Graphic/Exhibition Design),West Kowloon Cultural District Authority,HKD ($),16K per month,2024-09-05
"Assistant Property Officer / Property Officer, Commercial Leasing",Lai Sun Development Company Limited,HKD ($),18K - 22K per month,2024-09-05
Graduate Intern (Hong Kong Palace Museum – Conservation and Collection),West Kowloon Cultural District Authority,HKD ($),16K per month,2024-09-05
教會關懷貧窮網絡 聘請 傳播主任  (Communication Officer),The Hong Kong Church Network For The Poor Company Limited,HKD ($),Negotiable,2024-09-05
Graduate Engineer (Civil & Structural) (2024 Graduate Program),Ho Tin & Associates Consulting Engineers Limited,HKD ($),22K - 25K per month,2024-09-05
Company Secretarial Officer / Assistant,John Swire & Sons (H.K.) Limited,HKD ($),Negotiable,2024-09-05
Social Marketing Executive,Rubison Digital Solutions Limited,HKD ($),17K - 18K per month,2024-09-05
Senior AI Specialist,Imimr Systems Limited,HKD ($),Negotiable,2024-08-31
會計主任Accounting Officer,香港邦芒服務外包有限公司,HKD ($),15K - 20K per month,2024-08-31
人事專員（人事代理）Human Resources Specialist,香港邦芒服務外包有限公司,HKD ($),15K - 20K per month,2024-08-31
财富管理实习生（欢迎IANG/可提供留港工作签证）,ZEBUL INTERNATIONAL CO,HKD ($),Negotiable,2024-09-05
外包項目經理（Project manager）,香港邦芒服務外包有限公司,HKD ($),13K - 20K per month,2024-08-31
"Project & Admin Executive(5days work, Office hours:10:00-18:00)",Kindness Support Limited,HKD ($),17K - 19K per month,2024-08-31
Development Officer (Communication and Language-related Programmes) (香港青年協會領袖學院),The Hong Kong Federation of Youth Groups - Head Office,HKD ($),34.06K - 44.55K per month,2024-09-05
招银网络科技2025校园招聘,"Tongdao Elite (Tianjin) Information Technology Co.,LTD",CNY (¥),15K - 25K per month,2024-09-05
TRAINEE: CLD KYC Controls Office,Societe Generale - Hong Kong Branch,HKD ($),30K - 34K per month,2024-09-05
"Management Trainee/Financial Consultant, Wealth Advisor /Internship",CLC_NC,HKD ($),20K - 60K per month,2024-08-28
Sales Coordinator,Infocan Computer (Hong Kong) Limited,HKD ($),14K - 18K per month,2024-09-05
"2024 Graduate Position - Accountant, Audit & Assurance Services (Dec 2024/Jan 2025 Intake)",RSM Hong Kong,HKD ($),Negotiable,2024-09-05
Associate (Financial PR),IPR Ogilvy Limited,HKD ($),Negotiable,2024-09-05
TRAINEE: Enterprise Risk Management,Societe Generale - Hong Kong Branch,HKD ($),30K - 34K per month,2024-09-05
TRAINEE: Trading Desk Developer,Societe Generale - Hong Kong Branch,HKD ($),30K - 34K per month,2024-09-05
Assistant Officer/Officer (Finance),Hong Kong Generative AI Research and Development Center Limited,HKD ($),Negotiable,2024-09-05
Graduate Trainee (Scheme A 2023 / 2024),Wong & Ouyang (Building Services) Limited,HKD ($),23K per month,2024-09-05
Accounting Clerk,Honour Lane Shipping Limited,HKD ($),14K - 16K per month,2024-09-05
Accounting Assistant (Ref.: CHO-AT),CK Asset Holdings Limited,HKD ($),Negotiable,2024-09-05
Graduate Sales Engineer,Albacastor Technology Limited,HKD ($),18K - 22K per month,2024-09-05
Graduate Engineer (Building / Civil),Lanon Development Limited,HKD ($),30K per month,2024-09-05
見習助理統籌主任 (天水圍天澤),Bright Union International Limited,HKD ($),20K per month,2024-08-22
Junior Database Administrator,VTECH CORPORATE SERVICES LIMITED,HKD ($),20K - 35K per month,2024-09-05
律师助理,Chang Tsi & Partners Intellectual Property (HK) Limited,HKD ($),12K - 20K per month,2024-09-05
General Clerk,AP Rentals Limited,HKD ($),Negotiable,2024-09-05
Accounts Clerk,AP Rentals Limited,HKD ($),Negotiable,2024-09-05
Workshop Administration Assistant,AP Rentals Limited,HKD ($),14K - 17K per month,2024-09-05
Sales Executive,AP Rentals Limited,HKD ($),15K - 18K per month,2024-09-05
Assistant Editor,Koomen International Company Limited,HKD ($),13K - 16K per month,2024-09-05
Wealth Management Trainee (Local/Overseas/IANG Fresh Graduate Program),ND INSURANCE AGENCY,HKD ($),30K - 50K per month,2024-09-05
青年工作員(賽馬會天悅青年空間),The Hong Kong Federation of Youth Groups - Head Office,HKD ($),21.5K - 31.65K per month,2024-09-05
Graduate Intern (Hong Kong Palace Museum – Curatorial Affairs),West Kowloon Cultural District Authority,HKD ($),16K per month,2024-09-05
Graduate Intern (Hong Kong Palace Museum – Conservation-Object),West Kowloon Cultural District Authority,HKD ($),16K per month,2024-09-05
Graduate Intern (Hong Kong Palace Museum – Publishing and Editorial),West Kowloon Cultural District Authority,HKD ($),16K per month,2024-09-05
Graduate Intern (Hong Kong Palace Museum – Collection Management),West Kowloon Cultural District Authority,HKD ($),16K per month,2024-09-05
Client Solutions Executive | SEM | Digital Marketing,New iMedia Solutions Limited,HKD ($),16K - 18K per month,2024-09-05
Engineer / Assistant Engineer (FGS-INST),Fugro Geotechnical Services Limited,HKD ($),Negotiable,2024-09-04
Editor/Project Editor/Executive Editor - Primary & Secondary ELT,Oxford University Press (China) Limited,HKD ($),Negotiable,2024-09-04
Senior Sales Executive / Sales Executive,Oxford University Press (China) Limited,HKD ($),Negotiable,2024-09-04
Graduate / Assistant Civil & Structural Engineers,Paul Wong Consulting Engineers Limited,HKD ($),20K - 30K per month,2024-09-04
Sales Executive (Graduate Trainee Programme),Ecolab Limited,HKD ($),18K - 20K per month,2024-08-31
.NET Analyst Programmer,Million Tech Development Limited,HKD ($),26K - 32K per month,2024-09-04
Project Executive/ Associate Business Analyst,Million Tech Development Limited,HKD ($),20K - 30K per month,2024-09-04
Business Development Executive Trainee (IT Solution),Togo Pacific Limited,HKD ($),Negotiable,2024-09-01
《培訓主任》(RSW) [全職],Fruitful Life Training Workshop Limited,HKD ($),20K - 30K per month,2024-09-04
《活動工作員/幹事》(PW) [全職/半職],Fruitful Life Training Workshop Limited,HKD ($),18K - 25K per month,2024-09-04
"Museum Trainee (Conservation), Hong Kong Palace Museum",West Kowloon Cultural District Authority,HKD ($),16K - 18.5K per month,2024-09-04
Assistant Geologist / Geotechnical Engineer (SI),Fugro Geotechnical Services Limited,HKD ($),Negotiable,2024-09-04
Graphic Designer,Mad Head App Limited,HKD ($),15K - 17K per month,2024-09-04
Marketing Assistant,Smart Education Company Limited,HKD ($),16K - 20K per month,2024-08-31
Marketing Coordinator,MVP International Capital Limited,HKD ($),15K - 18K per month,2024-08-24
"Consultant, Industry 4.0+ and AI (Ref: NID286/24, 9769)",Hong Kong Productivity Council,HKD ($),30K - 45K per month,2024-08-31
Assistant Examination Services Officer (Customer Service Focus),IDP Education Limited,HKD ($),Negotiable,2024-08-31
"Consultant, Industry 4.0+ (Ref:NID285/24, 9768)",Hong Kong Productivity Council,HKD ($),25K - 40K per month,2024-08-31
Administrative Assistant / Officer (Student Services),IDP Education Limited,HKD ($),Negotiable,2024-08-31
Buying Officer (Welcome Fresh Graduates),Hong Kong Technology Venture Company Limited,HKD ($),17K - 22K per month,2024-09-04
Team Happiness & Admin Assistant / Officer,Oursky Limited,HKD ($),18K - 20K per month,2024-09-04
IT Technical Support / Assistant (Junior),Medtimes Medical Group Limited,HKD ($),Negotiable,2024-09-03
"Graduate Intern (Hong Kong Palace Museum – Museum Operations, Digital Development)",West Kowloon Cultural District Authority,HKD ($),16K per month,2024-09-04
全職補習社高中生物導師,Total Wise Limited,HKD ($),23K - 26K per month,2024-09-03
補習社客戶服務員(5天工作),Total Wise Limited,HKD ($),16K - 16.8K per month,2024-09-03
[急聘]補習社中小學導師(6天工作),Total Wise Limited,HKD ($),20K - 21.5K per month,2024-09-03
全職補習社高中英文導師,Total Wise Limited,HKD ($),30K - 32K per month,2024-09-03
[急聘]補習社初中學導師(6天工作),Total Wise Limited,HKD ($),22K - 24K per month,2024-09-03
Social Media Assistant (Welcome Recent Graduates),Hong Kong Technology Venture Company Limited,HKD ($),17K - 20K per month,2024-09-04
Customer Service Officer,PI Business Consulting,HKD ($),19K - 26K per month,2024-08-31
Management Trainee,Ctech Group Limited,HKD ($),30K - 50K per month,2024-09-04
Management Trainee - Sales,QP (HK) Limited,HKD ($),18K - 27K per month,2024-09-04
Business Analyst,Ctech Group Limited,HKD ($),30K - 50K per month,2024-09-04
Operation Officer,Ctech Group Limited,HKD ($),30K - 50K per month,2024-09-04
Junior Trader,Ctech Group Limited,HKD ($),30K - 50K per month,2024-09-04
Quantitative Analyst,Ctech Group Limited,HKD ($),30K - 50K per month,2024-09-04
Programmer Analyst,Ctech Group Limited,HKD ($),40K - 60K per month,2024-09-04
Business Development Executive,Ctech Group Limited,HKD ($),30K - 50K per month,2024-09-04
Junior Programmer (Machine Learning / AI),Ctech Group Limited,HKD ($),40K - 60K per month,2024-09-04
Assistant Engineer (Mechanical),REC Engineering Company Limited,HKD ($),Negotiable,2024-09-02
Assistant Engineer(Electrical),REC Engineering Company Limited,HKD ($),Negotiable,2024-09-02
全職幼稚園老師 (青樂幼稚園/青樂幼兒園),The Hong Kong Federation of Youth Groups - Head Office,HKD ($),24.38K - 31.65K per month,2024-08-31
Product Designer,Cosmocon International Limited,HKD ($),18K - 30K per month,2024-09-03
"Graduate Engineer (HKIE Scheme A, Building Services )",Benchmark Consulting Engineers Ltd,HKD ($),20K - 21K per month,2024-08-31
Product Officer,Cosmocon International Limited,HKD ($),16K - 20K per month,2024-09-03
Python/Flutter Programmer,Aim System Limited,HKD ($),Negotiable,2024-08-31
IT Support Engineer,IT Channel (Asia) Limited,HKD ($),16K - 18K per month,2024-09-03
Property Consultant / Sale Manager (Real Estate Agency – Commercial),PROPWISER CONSULTANTS LIMITED,HKD ($),12K - 20K per month,2024-09-03
"Analyst, Corporate Finance (6-month renewable contract)",Asian Capital Limited,HKD ($),Negotiable,2024-08-25
Sales Operation Assistant,Work In Progress (H.K.) Ltd.,HKD ($),16K - 22K per month,2024-08-31
Physiotherapist,St. Teresa's Hospital,HKD ($),Negotiable,2024-09-03
Radiographer (Heart Centre),St. Teresa's Hospital,HKD ($),Negotiable,2024-09-03
Registered Nurses / Midwives,St. Teresa's Hospital,HKD ($),Negotiable,2024-09-03
Marking,Just Properties Agency (Hong Kong) Limited,HKD ($),12K - 30K per month,2024-09-01
Radiographer I / II (X-Ray),St. Teresa's Hospital,HKD ($),Negotiable,2024-09-03
"Trainee, Economic Research",Natixis,HKD ($),Negotiable,2024-09-03
Administration Assistant,Montagut Far East Limited,HKD ($),16K - 18K per month,2024-09-03
青年工作幹事 (註冊文憑/副學士社工)(賽馬會坪石青年空間),The Hong Kong Federation of Youth Groups - Head Office,HKD ($),24.38K - 40.42K per month,2024-09-03
Assistant Engineer (Building Services),REC Engineering Company Limited,HKD ($),Negotiable,2024-09-02
Assistant Engineer (Environmental),REC Engineering Company Limited,HKD ($),Negotiable,2024-09-02
Asset Management Consultant (Welcome Fresh Graduates),SL Asset Management Co.,HKD ($),25K - 50K per month,2024-08-25
Secretary/ Personal Assistant/ Administrative Clerk,SL Asset Management Co.,HKD ($),15K - 18K per month,2024-08-25
Administrative Officer,Hong Kong Society of Notaries,HKD ($),Negotiable,2024-08-31
Paralegal,"Yu & Associates, Solicitors",HKD ($),17K - 20K per month,2024-09-01
Trainee Solicitors- 2024,"Yu & Associates, Solicitors",HKD ($),Negotiable,2024-09-01
港漂金融和健康顧問,WILLIAM ROBINHOOD LIMITED,HKD ($),18K - 30K per month,2024-08-28
Software Programmer Part Time,Fortune Information Technology Limited,HKD ($),50 - 60 per hour,2024-09-01
Assistant Engineer (under Energy Scheme A Training),Telemax Environmemtal and Energy Management Limited,HKD ($),Negotiable,2024-09-01
Assistant Engineer (under Building Service Scheme A Training),Telemax Environmemtal and Energy Management Limited,HKD ($),Negotiable,2024-09-01
Assistant Engineer (under Environmental Scheme A Training),Telemax Environmemtal and Energy Management Limited,HKD ($),Negotiable,2024-09-01
Administration Assistant,FastLane HR Solution Services Limited,HKD ($),15K - 16K per month,2024-09-01
Reservations Service Associate *5-days work week*,Kowloon Panda Hotel Limited,HKD ($),16K - 16.5K per month,2024-08-31
Company Secretarial Assistant,Hui Sik Wing & Company,HKD ($),18K - 30K per month,2024-08-31
Audit Associate,Hui Sik Wing & Company,HKD ($),18K - 30K per month,2024-08-31
Front Desk Service Associate *5-day Work Week*,Kowloon Panda Hotel Limited,HKD ($),16.5K - 17K per month,2024-08-31
Japanese Subtitle Editor | Translation | Media Subtitling,Iyuno Hong Kong Limited,HKD ($),Negotiable,2024-08-31
Accounting Assistant (Fresh Graduates are Welcome),Midland Realty (Strategic) Limited,HKD ($),16K - 18K per month,2024-08-28
"Engineer, Rail/Future Mobility (Fresh graduates are welcome)",TUV Rheinland HK Limited,HKD ($),18K - 20K per month,2024-08-31
Customer Service Coordinator,TUV Rheinland HK Limited,HKD ($),Negotiable,2024-08-31
Laboratory Technician,TUV Rheinland HK Limited,HKD ($),Negotiable,2024-08-31
"Graduate Trainee, Marketing and Business Development",Applied Artificial Intelligence Laboratory Limited,HKD ($),17K - 20K per month,2024-08-26
Company Secretarial Assistant,Luk Fook Holdings Company Limited,HKD ($),Negotiable,2024-08-31
Junior Research Associate,luxence capital limited,HKD ($),20K - 25K per month,2024-08-31
Project Coordinator,TUV Rheinland HK Limited,HKD ($),14K - 15K per month,2024-08-31
"Assistant Engineer (Mechanical, electrical and building services bachelor degree, graduated in 2024)",Southa Technical Limited,HKD ($),Negotiable,2024-08-31
Executive,The Hong Kong Children's Choir,HKD ($),Negotiable,2024-08-31
Graphic Designer (Mobile App & AR Game),Joy Aether Limited,HKD ($),Negotiable,2024-08-31
言語治療師 P1-ST-RHC,Christian Family Service Centre,HKD ($),Negotiable,2024-08-31
Project Executive,Cido Limited,HKD ($),16K - 17K per month,2024-08-30
行政助理 (物業統籌),Midland Realty (Strategic) Limited,HKD ($),16K - 20K per month,2024-08-31
Sustainability ESG Consultant / Senior Consultant,GREENCO ESG ADVISORY LIMITED,HKD ($),19K - 21K per month,2024-08-31
Officer - Membership & Event,Treasury Markets Association,HKD ($),22K - 25K per month,2024-08-31
Senior Quality Assurance Officer,IGEARS TECHNOLOGY LIMITED,HKD ($),15K - 20K per month,2024-08-31
Assistant Shop Audit Officer,Luk Fook Holdings Company Limited,HKD ($),Negotiable,2024-08-31
Graduate Intern (District Development),West Kowloon Cultural District Authority,HKD ($),Negotiable,2024-08-31
Graduate Intern (Development (Performing Arts)),West Kowloon Cultural District Authority,HKD ($),Negotiable,2024-08-31
Graduate Intern (Performing Arts – Technical and Productions),West Kowloon Cultural District Authority,HKD ($),Negotiable,2024-08-31
Graduate Intern (Performing Arts – Venue Sales and Partnership),West Kowloon Cultural District Authority,HKD ($),Negotiable,2024-08-31
Retail Sales Advisor / Tesla Advisor,Tesla Motors HK Limited,HKD ($),18K - 25K per month,2024-08-31
Permit Officer,Cathay Pacific Catering Services (HK) Limited,HKD ($),Negotiable,2024-08-30
Junior Business Analyst,B.S.C. Group Ltd,HKD ($),17K - 20K per month,2024-08-31
Business Development Executive (IANG / Fresh Graduate Welcomed),Chief Securities Limited,HKD ($),20K - 30K per month,2024-08-31
Android App Developer,Chief Securities Limited,HKD ($),25K - 50K per month,2024-08-31
Dealer/ Investment Service Officer,Chief Securities Limited,HKD ($),25K - 50K per month,2024-08-31
Programmer,IGEARS TECHNOLOGY LIMITED,HKD ($),15K - 20K per month,2024-08-31
Customer Service Officer,IGEARS TECHNOLOGY LIMITED,HKD ($),15K - 22K per month,2024-08-31
Sales and Marketing Executive,IGEARS TECHNOLOGY LIMITED,HKD ($),15K - 50K per month,2024-08-31
Web Designer,IGEARS TECHNOLOGY LIMITED,HKD ($),13K - 25K per month,2024-08-31
Trainee Accountant / Accountant,Graham H Y Chan & Co,HKD ($),Negotiable,2024-08-31
Junior System Engineer,Azeus Systems Limited,HKD ($),20K - 23K per month,2024-08-30
IT Support ( 2 Years Contract ),Azeus Systems Limited,HKD ($),18K - 20K per month,2024-08-30
Human Resources Assistant,Heep Hong Society,HKD ($),17K - 18K per month,2024-08-26
Mechanical Engineer Assistant (with a Mechanical Engineering background),CHI SHING MACHINERY RENTAL COMPANY LIMITED,HKD ($),Negotiable,2024-08-30
Post-doctoral Fellow in Department of Education Policy and Leadership (Ref: 2400819),The Education University of Hong Kong,HKD ($),45.7K per month,2024-08-22
MPF Specialist,Jackey Ko Consultant CO.,HKD ($),18K - 25K per month,2024-08-30
Accounting Assistant (Shenzhen Stationed),Simatelex Manufactory Company Limited,HKD ($),19K - 20K per month,2024-08-30
Sales Engineer,Simatelex Manufactory Company Limited,HKD ($),19K - 20K per month,2024-08-30
Production Engineer (Qingyuan Stationed),Simatelex Manufactory Company Limited,HKD ($),19K - 20K per month,2024-08-30
Leasing Assistant,Simatelex Manufactory Company Limited,HKD ($),19K - 20K per month,2024-08-30
QA Engineer (Shenzhen Stationed),Simatelex Manufactory Company Limited,HKD ($),19K - 20K per month,2024-08-30
Embedded Software Engineer,Simatelex Manufactory Company Limited,HKD ($),18K - 20K per month,2024-08-30
Assistant Financial Analyst,Simatelex Manufactory Company Limited,HKD ($),18K - 20K per month,2024-08-30
Corporate Services & Administration Executive,Boen Media Corporation Limited,HKD ($),16K - 18K per month,2024-08-30
Systems Operator Trainee,Bangkok Bank Public Co. Ltd.,HKD ($),Negotiable,2024-08-30
"Treasury Settlement Assistant - FX/MM, Derivatives and Securities",Bangkok Bank Public Co. Ltd.,HKD ($),Negotiable,2024-08-30
Relationship Officer - Corporate Banking,Bangkok Bank Public Co. Ltd.,HKD ($),Negotiable,2024-08-30
Customer Service Officer - Fresh graduates are welcome,Superhub Limited,HKD ($),16.5K - 18K per month,2024-08-30
Used Car Advisor,Tesla Motors HK Limited,HKD ($),18K - 25K per month,2024-08-29
功課輔導班導師(5天工作)15-20K,NF Educational Services Limited,HKD ($),15K - 20K per month,2024-08-30
Audit Juniors,Kenneth Chau & Co.,HKD ($),19K per month,2024-08-30
專科班導師(5天工作)19-30K,NF Educational Services Limited,HKD ($),19K - 30K per month,2024-08-30
Technical Sales Executive,Cementaid (Hong Kong) Limited,HKD ($),Negotiable,2024-08-30
Sales Engineer,Alimak Group Hong Kong Limited,HKD ($),Negotiable,2024-08-30
Healthcare Executive,Hong Kong Medical Supplies Ltd,HKD ($),20K - 30K per month,2024-08-29
Graduate Trainee (Accounting),S. C. To & Co.,HKD ($),16K - 20K per month,2024-08-30
Frontend Programmer,Code By Hands Limited,HKD ($),19K - 22K per month,2024-08-30
學校計劃助理,Hong Kong Christian Service,HKD ($),13.86K - 21.5K per month,2024-08-25
Algorithm Engineer,Hong Kong Acamar Corporation Limited,HKD ($),30K - 50K per month,2024-08-30
TRAINEE: Communications Surveillance Analyst,Societe Generale - Hong Kong Branch,HKD ($),30K - 34K per month,2024-08-30
Delivery Advisor,Tesla Motors HK Limited,HKD ($),Negotiable,2024-08-22
Service Advisor,Tesla Motors HK Limited,HKD ($),18K - 25K per month,2024-08-29
TRAINEE: Exotics Cross Asset Trade Support,Societe Generale - Hong Kong Branch,HKD ($),30K - 34K per month,2024-08-30
"Assistant Technical Officer (Chemical Lab, Toys & Children Products)",The Hong Kong Standards and Testing Centre Ltd,HKD ($),16K - 18K per month,2024-08-30
Management Trainee (Pest Elimination Division),Ecolab Limited,HKD ($),Negotiable,2024-08-30
Branch Customer Service Representative,AEON CREDIT SERVICE (ASIA) COMPANY LIMITED,HKD ($),Negotiable,2024-08-30
Desktop Publishing / Graphics Designer (Shift duty is required),Williams Lea (Hong Kong) Limited,HKD ($),20K - 30K per month,2024-08-30
CERTIFICATION OFFICER,The Hong Kong Standards and Testing Centre Ltd,HKD ($),16K - 20K per month,2024-08-30
Associate (Marketing Communications),IPR Ogilvy Limited,HKD ($),Negotiable,2024-08-30
高級會計文員/會計主任 Senior Accounts Clerk/Accounting Officer,Sino United Publishing (Holdings) Limited,HKD ($),Negotiable,2024-08-30
Executive Business Manager (IANG),Jackey Ko Consultant CO.,HKD ($),20K - 50K per month,2024-08-30
Trainee,BE Reinsurance Limited,HKD ($),Negotiable,2024-08-30
Actuary Trainee,BC Reinsurance Ltd,HKD ($),Negotiable,2024-08-30
Trainee Satellite Control Engineer,Asia Satellite Telecommunications Co. Ltd.,HKD ($),Negotiable,2024-08-24
Sales & Marketing Executive (Science Background),Bio-Gene Technology Limited,HKD ($),18K - 26K per month,2024-08-29
Senior Reporter / Reporter (中國新聞),I-CABLE COMMUNICATIONS LIMITED,HKD ($),Negotiable,2024-08-28
Mechanical Engineer,MODERN (INTERNATIONAL) P&M HOLDINGS LIMITED,HKD ($),11.2K - 30K per month,2024-08-28
Analyst Programmer,Pastel Tech Limited,HKD ($),Negotiable,2024-08-29
AI Digital Marketing Officer,Money Concepts (Asia) Holdings Limited,HKD ($),15K - 17K per month,2024-08-29
Admin & Account Officer,MCM Wealth Management Hong Kong Limited,HKD ($),15K - 17K per month,2024-08-29
Sales Support Officer,MCM Wealth Management Hong Kong Limited,HKD ($),15K - 17K per month,2024-08-29
Assistant Editor (Maths),Pan Lloyds Publishers Limited,HKD ($),Negotiable,2024-08-29
Assistant Officer - Sea Operations,Kerry Logistics (Hong Kong) Limited,HKD ($),15K - 20K per month,2024-08-29
Category Executive (RTE) (Wellcome),"The Dairy Farm Company, Limited",HKD ($),Negotiable,2024-08-29
Computer Specialist / Associate / Assistant (e-Commerce),WorldMart International Limited,HKD ($),15K - 17K per month,2024-08-28
Category Executive (RTE) (7-Eleven),"The Dairy Farm Company, Limited",HKD ($),Negotiable,2024-08-29
Front-end Developer,Bull.B Technology Limited,HKD ($),Negotiable,2024-08-28
IT Operator,Bull.B Technology Limited,HKD ($),Negotiable,2024-08-28
Manager Trainee 見習經理,Waihong Environmental Services Limited,HKD ($),16K - 18K per month,2024-08-28
Assistant Quantity Surveyor,Currie & Brown (China) Limited,HKD ($),Negotiable,2024-08-28
Works Supervisor II (Construction),Kai Fu Property Services Co. Ltd.,HKD ($),25.11K - 30K per month,2024-08-28
Investment Officer - Capital Markets & Liquidity Management,"The Bank of East Asia, Limited",HKD ($),20K - 25K per month,2024-08-28
"Senior/ Project Engineer (Lift & Escalator, Modernization) - Open to Fresh Graduate",Schindler Lifts (Hong Kong) Limited,HKD ($),19K - 22K per month,2024-08-28
UI/UX Developer,CCP Technology Limited,HKD ($),Negotiable,2024-08-28
Quality Assurance Developer,CCP Technology Limited,HKD ($),Negotiable,2024-08-28
Front-end Developer,CCP Technology Limited,HKD ($),Negotiable,2024-08-28
Back-end Developer,CCP Technology Limited,HKD ($),Negotiable,2024-08-28
Mobile Application Developer,CCP Technology Limited,HKD ($),Negotiable,2024-08-28
UI/UX Developer,Bull.B Technology Limited,HKD ($),Negotiable,2024-08-28
Assistant Administration Officer,Midland Realty (Strategic) Limited,HKD ($),17K - 20K per month,2024-08-28
Back-end Developer,Bull.B Technology Limited,HKD ($),22K - 50K per month,2024-08-28
Information Security Consultant,Gabriel Consultant Limited,HKD ($),16K - 18K per month,2024-08-28
Management Trainee,Vpower Holdings Limited,HKD ($),Negotiable,2024-08-24
paralegal,Chang Tsi & Partners Intellectual Property (HK) Limited,HKD ($),12K - 20K per month,2024-08-28
Research Assistant (Job ID: 10078),The Hong Kong University of Science & Technology-Human Resources Office,HKD ($),Negotiable,2024-08-28
Crypto Analyst,FAMOUS RAISE LTD,HKD ($),100 - 300 per hour,2024-08-28
Junior Graphic Designer,PICTO HONG KONG LIMITED,HKD ($),15K - 18K per month,2024-08-28
Customer Services Officer,The Clearwater Bay Golf & Country Club,HKD ($),Negotiable,2024-08-28
Assistant Communications Officer,The Clearwater Bay Golf & Country Club,HKD ($),17K - 20K per month,2024-08-28
Customer Service Representative (Delivery Platform Team),GOGO TECH LIMITED,HKD ($),Negotiable,2024-08-28
Finance Officer,Harrow International Management Services Limited,HKD ($),Negotiable,2024-08-25
Assistant Accounting Officer,Midland Realty (Strategic) Limited,HKD ($),17K - 20K per month,2024-08-28
Officer - Credit Policy & Analytics Department,Chong Hing Bank Limited,HKD ($),18K - 20K per month,2024-08-27
SEN Learning Support Instructor Trainee ( Chinese) (Full time) and 特殊學習需要學習支援導師(中文) (全職),Boaz International Education Institute Limited,HKD ($),17K - 18K per month,2024-08-27
SEN Learning Support Instructor Trainee (English) (Full time) and 特殊學習需要學習支援導師(英文) (全職),Boaz International Education Institute Limited,HKD ($),17K - 18K per month,2024-08-27
Solution Sales Executive,Sky Cover Technology Limited,HKD ($),Negotiable,2024-08-28
Full Stack Developer,Sky Cover Technology Limited,HKD ($),Negotiable,2024-08-28
Sales & Project Manager,Prospera International Technology Limited,HKD ($),22K - 38K per month,2024-08-28
Quality Assurance Engineer,Bull.B Technology Limited,HKD ($),Negotiable,2024-08-28
Associate Sales & Project Manager,Bull.B Technology Limited,HKD ($),Negotiable,2024-08-28
Full Stack Developer,Bull.B Technology Limited,HKD ($),22K - 50K per month,2024-08-28
Sales Engineer and Project Manager,Bull.B Technology Limited,HKD ($),Negotiable,2024-08-28
UI/UX Developer,Prospera International Technology Limited,HKD ($),Negotiable,2024-08-28
Back-end Developer,Prospera International Technology Limited,HKD ($),22K - 50K per month,2024-08-28
Blockchain Developer,Prospera International Technology Limited,HKD ($),22K - 50K per month,2024-08-28
Computer Operator,Prospera International Technology Limited,HKD ($),Negotiable,2024-08-28
Blockchain Developer,Bull.B Technology Limited,HKD ($),22K - 50K per month,2024-08-28
Full Stack Developer,Prospera International Technology Limited,HKD ($),22K - 50K per month,2024-08-28
Quality Assurance Developer,Prospera International Technology Limited,HKD ($),Negotiable,2024-08-28
UI/UX Developer,Sky Cover Technology Limited,HKD ($),Negotiable,2024-08-28
IT Operator,Sky Cover Technology Limited,HKD ($),Negotiable,2024-08-28
Front-end Developer,Sky Cover Technology Limited,HKD ($),Negotiable,2024-08-28
Back-end Developer,Sky Cover Technology Limited,HKD ($),22K - 50K per month,2024-08-28
Quality Assurance Developer,Sky Cover Technology Limited,HKD ($),Negotiable,2024-08-28
Marketing Officer,"James Rice Contracting Co., Ltd.",HKD ($),Negotiable,2024-08-28
Assistant Project Manager,"James Rice Contracting Co., Ltd.",HKD ($),Negotiable,2024-08-28
Assistant Quantity Surveyor,"James Rice Contracting Co., Ltd.",HKD ($),Negotiable,2024-08-28
Temporary Receptionist (6- months contract),Tesco International Sourcing Limited,HKD ($),18K - 22K per month,2024-08-24
Secretary,Emily Yip & Co Limited,HKD ($),15K - 16K per month,2024-08-26
Technical Assistant (Patent),Emily Yip & Co Limited,HKD ($),15K - 16K per month,2024-08-26
"Administrative Assistant (Intellectual Property, Japanese speaking)",Emily Yip & Co Limited,HKD ($),15K - 16K per month,2024-08-26
Secretary (Work From Home Option),Emily Yip & Co Limited,HKD ($),15K - 16K per month,2024-08-26
Technical Assistant (Patent) Work From Home Option,Emily Yip & Co Limited,HKD ($),15K - 16K per month,2024-08-26
"Administrative Assistant (Intellectual Property, Japanese speaking) - Work from home option",Emily Yip & Co Limited,HKD ($),15K - 16K per month,2024-08-26
Huawei Hong Kong Research Center 2024 Post-Doc Graduate Program – Researcher/Research Intern,"Huawei Tech. Investment Co., Limited",HKD ($),40K - 70K per month,2024-08-27
Huawei Hong Kong Research Center 2024 Graduate Program –Digital Design & Verification Engineer,"Huawei Tech. Investment Co., Limited",HKD ($),25K - 60K per month,2024-08-27
Assistant Data Analyst,Simatelex Manufactory Company Limited,HKD ($),18K - 20K per month,2024-08-27
Structural Engineering Assistant,Prairie (Asia) Limited,HKD ($),20K - 24K per month,2024-08-27
Full Stack Developer,Media Publishing Limited,HKD ($),Negotiable,2024-08-27
Customer Service Officer (Admin Support),GOGO TECH LIMITED,HKD ($),Negotiable,2024-08-26
Assistant Marketing Executive / Marketing Executive (Event Management),DIA (ASIA PACIFIC) COMPANY LIMITED,HKD ($),14K - 17K per month,2024-08-23
"Business Analyst, Commercial Excellence",Cathay Pacific Catering Services (HK) Limited,HKD ($),25K - 40K per month,2024-08-27
Editor / Assistant Editor (Physics / Biology / Science),Oxford University Press (China) Limited,HKD ($),Negotiable,2024-08-27
Editor/Project Editor - CLT Editorial (Supplementary),Oxford University Press (China) Limited,HKD ($),Negotiable,2024-08-27
全職補習社高中英文導師,Total Wise Limited,HKD ($),30K - 32K per month,2024-08-26
[急聘]補習社初中學導師(6天工作),Total Wise Limited,HKD ($),22K - 24K per month,2024-08-26
[急聘]補習社中小學導師(6天工作),Total Wise Limited,HKD ($),20K - 21.5K per month,2024-08-26
全職補習社高中生物導師,Total Wise Limited,HKD ($),23K - 26K per month,2024-08-26
補習社客戶服務員(5天工作),Total Wise Limited,HKD ($),16K - 16.8K per month,2024-08-26
Channel Account Manager,Synergy Computers & Communications Ltd.,HKD ($),12K - 30K per month,2024-08-26
Network Engineer,Synergy Computers & Communications Ltd.,HKD ($),16K - 22K per month,2024-08-26
Technical Officer,Pypun Engineering Consultants Limited,HKD ($),Negotiable,2024-08-25
Sourcing & Demand / Supply Planner,Hush Home Hong Kong Limited,HKD ($),18K - 20K per month,2024-08-23
Audit Assistant,T K Lo & Co,HKD ($),16K - 20K per month,2024-08-24
Training Specialist,Midland Realty (Strategic) Limited,HKD ($),18K - 22K per month,2024-08-25
Administration staff / Program Coordinator,Phonics Plus Limited,HKD ($),16K - 22K per month,2024-08-25
English Teacher,Phonics Plus Limited,HKD ($),19K - 27K per month,2024-08-22
Legal Case Specialist,Wang Jia Group Inc.,HKD ($),13K - 25K per month,2024-08-25
Assistant Project Officer (Surveying),Midland Realty (Strategic) Limited,HKD ($),18K - 22K per month,2024-08-25
IT Systems Engineer (東方傳媒機構),Oriental Human Resources Limited,HKD ($),18K per month,2024-08-24
Programmer - Web Analyst (東方傳媒機構),Oriental Human Resources Limited,HKD ($),18K per month,2024-08-24
Programmer - In-house (東方傳媒機構),Oriental Human Resources Limited,HKD ($),18K per month,2024-08-24
Youth Worker (持續進修中心),The Hong Kong Federation of Youth Groups - Head Office,HKD ($),21.5K - 31.65K per month,2024-08-24
Mobile App Developer (Android / iOS) (東方傳媒機構),Oriental Human Resources Limited,HKD ($),18K per month,2024-08-24
Reporter / Editor Trainee - Local or Financial News (東方傳媒機構),Oriental Human Resources Limited,HKD ($),17K - 18K per month,2024-08-24
Web Developer / Web Programmer (東方傳媒機構),Oriental Human Resources Limited,HKD ($),16K - 18K per month,2024-08-24
Youth Work Officer 青年工作幹事 (註冊學位社工/中學駐校)(賽馬會天耀青年空間),The Hong Kong Federation of Youth Groups - Head Office,HKD ($),35.77K - 58.73K per month,2024-08-24
項目主任 (發展幹事/青年工作幹事)(青年空間支援組(112)),The Hong Kong Federation of Youth Groups - Head Office,HKD ($),34.06K - 35.77K per month,2024-08-24
Youth Work Officer 青年工作幹事 (註冊副學位/高級文憑社工)(荃灣及葵涌外展社會工作隊),The Hong Kong Federation of Youth Groups - Head Office,HKD ($),24.38K - 40.42K per month,2024-08-24
Assistant Administrative Officer (Operation),HKCOLO Limited,HKD ($),16K - 18K per month,2024-08-24
Assistant Project Engineer,Roctec Technology Limited,HKD ($),Negotiable,2024-08-24
Assistant Network Engineer,Roctec Technology Limited,HKD ($),Negotiable,2024-08-24
Programmer,Roctec Technology Limited,HKD ($),Negotiable,2024-08-24
Revenue Analyst,Cathay Pacific Airways LTD,HKD ($),Negotiable,2024-08-22
Accounting Assistants,Caritas - Hong Kong,HKD ($),19.57K - 23.64K per month,2024-08-24
Interior Designer,"James Rice Contracting Co., Ltd.",HKD ($),Negotiable,2024-08-22
Human Resources Assistant,Fides Solutions Limited,HKD ($),17K - 19K per month,2024-08-24
兼職 數學專科班導師,Royal Learning Group Limited,HKD ($),Negotiable,2024-08-23
Youth Work Officer 青年工作幹事 (註冊學位社工)(青年違法防治中心–抗毒服務),The Hong Kong Federation of Youth Groups - Head Office,HKD ($),35.77K - 58.73K per month,2024-08-24
Youth Work Officer 青年工作幹事 (註冊學位社工)(西貢及黃大仙外展社會工作隊),The Hong Kong Federation of Youth Groups - Head Office,HKD ($),35.77K - 58.73K per month,2024-08-24
Youth Work Officer 青年工作幹事 (註冊學位社工)(賽馬會茵怡青年空間),The Hong Kong Federation of Youth Groups - Head Office,HKD ($),35.77K - 58.73K per month,2024-08-24
Youth Work Officer 青年工作幹事(註冊學士社工) [駐校工作](荃景青年空間),The Hong Kong Federation of Youth Groups - Head Office,HKD ($),35.77K - 58.73K per month,2024-08-24
Development Officer (Network Engineer) (資訊科技組),The Hong Kong Federation of Youth Groups - Head Office,HKD ($),34.06K - 44.55K per month,2024-08-24
Digital Content Creator,InspiringHK Sports Foundation Limited,HKD ($),Negotiable,2024-08-24
Development Officer (Communications Officer)(機構傳訊組),The Hong Kong Federation of Youth Groups - Head Office,HKD ($),34.06K - 44.55K per month,2024-08-24
全職 小學功課輔導班導師 (荃灣),Royal Learning Group Limited,HKD ($),18K per month,2024-08-23
兼職 到校面試培訓導師,Royal Learning Group Limited,HKD ($),Negotiable,2024-08-23
HR and Administration Assistant,GDC Technology Limited,HKD ($),Negotiable,2024-08-24
Programme Executive/Programme Officer,InspiringHK Sports Foundation Limited,HKD ($),Negotiable,2024-08-24
Fundraising & Partnership Executive,InspiringHK Sports Foundation Limited,HKD ($),Negotiable,2024-08-24
Chairman Assistant,Fangyuan Financial (Hong Kong) Limited,HKD ($),Negotiable,2024-08-24
Teaching Assistant,Grace Christian Academy,HKD ($),13K - 18K per month,2024-08-24
Program Managment Trainee,VTECH COMMUNICATIONS LIMITED,HKD ($),18.5K - 21K per month,2024-08-24
Radiographer (Part time),Medtimes Medical Group Limited,HKD ($),Negotiable,2024-08-22
Clinic Assistant (Central),Medtimes Medical Group Limited,HKD ($),Negotiable,2024-08-22
Assistant Project Engineer (IoT/Environmental),NOVOX LIMITED,HKD ($),20K - 25K per month,2024-08-24
Recreation Assistant,Urban Property Management Limited,HKD ($),14K - 15K per month,2024-08-24
Customer Services Officer,Urban Property Management Limited,HKD ($),15K - 19K per month,2024-08-24
2024/25財富管理實習生,Roy Financial Consulting,HKD ($),15K - 50K per month,2024-08-24
2024/25Wealth Management Internship,Roy Financial Consulting,HKD ($),15K - 50K per month,2024-08-24
HNW Wealth Management Manager,Roy Financial Consulting,HKD ($),15K - 50K per month,2024-08-24
Systems Engineer for Hedge Funds (Full time in Hong Kong),Premier Technology Global Limited,HKD ($),Negotiable,2024-08-22
Management Trainee,Superior Company,HKD ($),13K - 15K per month,2024-08-24
Apprentice,Superior Company,HKD ($),16K - 20K per month,2024-08-24
Assistant Property Officer,Urban Property Management Limited,HKD ($),16K - 20K per month,2024-08-24
Radiographer (Full Time),Medtimes Medical Group Limited,HKD ($),Negotiable,2024-08-22
Assistant Technical Officer,Urban Property Management Limited,HKD ($),17K - 22K per month,2024-08-24
Clinic Assistant (TST),Medtimes Medical Group Limited,HKD ($),Negotiable,2024-08-22
Part-time P.E. Teacher,Grace Christian Academy,HKD ($),250 - 500 per hour,2024-08-24
Landscape Architectural Graduate,Government of the Hong Kong SAR-Government Secretariat Transport and Housing Bureau,HKD ($),Negotiable,2024-08-23
ASSISTANT ESTATE OFFICER [Ref. WG-AEO(R)],Whampoa Garden Management Limited,HKD ($),Negotiable,2024-08-24
Assistant Engineer,Ocean & Colman Engineering Limited,HKD ($),16K - 20K per month,2024-08-24
Assistant Accountant,VTECH CORPORATE SERVICES LIMITED,HKD ($),17K - 21K per month,2024-08-23
Housekeeping Coordinator,Kowloon Panda Hotel Limited,HKD ($),17K - 18K per month,2024-08-23
Project Engineer (E&M / BS),Cornerstone EV Charging Service Limited,HKD ($),Negotiable,2024-08-22
Project Coordinator (E&M / BS),Cornerstone EV Charging Service Limited,HKD ($),Negotiable,2024-08-22
Manulife Customer Contact Center Representative,Manulife Financial Asia Limited,HKD ($),Negotiable,2024-08-23
Digital Marketing Specialist Assistant,"Terra Nova (Asia) Co., ltd",HKD ($),Negotiable,2024-08-23
Electronic Engineer,Medisource Supply (Asia) Company Limited,HKD ($),Negotiable,2024-08-23
Biomedical Engineer,Medisource Supply (Asia) Company Limited,HKD ($),20K - 22K per month,2024-08-22
Engineer,Saicome Industries Limited,HKD ($),18K - 25K per month,2024-08-23
"Pre-Sales Engineer, IT Solution",ICO Limited,HKD ($),18K - 20K per month,2024-08-23
Programmer,ICO Limited,HKD ($),18K - 20K per month,2024-08-23
Audit Junior,Smart CPA (Hong Kong) Limited,HKD ($),Negotiable,2024-08-23
TRAINEE: Valuation and Risk Analysis Analyst,Societe Generale - Hong Kong Branch,HKD ($),30K - 34K per month,2024-08-23
Operations Administrator (Long Haul Section),EGL Tours Company Limited,HKD ($),15K - 16K per month,2024-08-23
Junior Interior Designer (Part-Time),Canalside Studio Limited,HKD ($),Negotiable,2024-08-23
Junior Interior Designer,Canalside Studio Limited,HKD ($),Negotiable,2024-08-23
Accounting Assistant,Fortune Origin Securities Limited,HKD ($),Negotiable,2024-08-23
Graduate Engineer / Assistant Engineer,Pypun Engineering Consultants Limited,HKD ($),Negotiable,2024-08-23
Customer Service Officer,Strawberry Cosmetics (Services) Limited,HKD ($),14K - 20K per month,2024-08-23
心橋融合教育服務(第六隊) - 專業助理,Hong Kong Christian Service,HKD ($),12K - 15K per month,2024-08-23
TRAINEE: IT Service Management Specialist,Societe Generale - Hong Kong Branch,HKD ($),30K - 34K per month,2024-08-23
Business Develeopment and Marketing Executive,Bonnymuir,HKD ($),7K - 10K per month,2024-08-23
Assistant Sales Executive / Assistant Sales Engineer,MODERN (INTERNATIONAL) P&M HOLDINGS LIMITED,HKD ($),11.2K - 30K per month,2024-08-23
AI Engineer,FinCatch Limited,HKD ($),15K - 35K per month,2024-08-23
Assistant Engineer,Pypun Engineering Consultants Limited,HKD ($),Negotiable,2024-08-23
Assistant Social Media Editor,Koomen International Company Limited,HKD ($),13K - 18K per month,2024-08-23
Legal Officer / Assistant Legal Officer,Yue Yuen Industrial (Holdings) Limited,HKD ($),20K - 30K per month,2024-08-23
Sales & Marketing Coordinator,Koomen International Company Limited,HKD ($),13K - 18K per month,2024-08-23
Logistics Executive,Strawberry Cosmetics (Services) Limited,HKD ($),14K - 20K per month,2024-08-23
Mergers & Acquisitions Analyst – Hong Kong,DBW Partners LLC,USD ($),4.58K - 6.25K per month,2024-08-22
AIA_2024 Programs for Financial Consultant,Flamebridge Consultant Company,HKD ($),50K - 75K per month,2024-08-22
Marketing Executive,MaxiPro (Asia) Limited,HKD ($),15K - 19K per month,2024-08-22
Receptionist,Ince & Co,HKD ($),Negotiable,2024-08-22
Operations Trainee,OT & P Limited,HKD ($),Negotiable,2024-08-22
AI EdTech Business Development (Graduate Trainee),Applied Artificial Intelligence Laboratory Limited,HKD ($),20K - 25K per month,2024-08-22
Graduate Engineer,Arch & Fire Professional (International) Limited,HKD ($),18K - 25K per month,2024-08-22
Sales & Marketing Executive Trainee (IT Solution),Togo Pacific Limited,HKD ($),Negotiable,2024-08-22
Assistant Editor (English) 助理編輯,Pan Lloyds Publishers Limited,HKD ($),15K - 17K per month,2024-08-22
Graduate Programme - Solution Consultant (Supply Chain),IVC Solutions Limited,HKD ($),18K - 20K per month,2024-08-22
Graduate Programme - Solution Consultant (Finance),IVC Solutions Limited,HKD ($),18K - 20K per month,2024-08-22
Junior / Senior Tutors - Phy / Chem / Bio (Full Time),ED Pro Learning Centre Limited,HKD ($),18K - 22K per month,2024-08-22
助理導師,HONG KONG JUVENILE CARE CENTRE,HKD ($),Negotiable,2024-08-22
Guest Relations Officer,OT & P Limited,HKD ($),Negotiable,2024-08-22
家舍導師,HONG KONG JUVENILE CARE CENTRE,HKD ($),Negotiable,2024-08-22
Operation Offcier,China Partners Consultancy Limited,HKD ($),15K - 20K per month,2024-08-22
Accounting & Admin Officer,Cyber Age Limited,HKD ($),14K - 16K per month,2024-08-22
